{
  "feasible_area": {
    "exterior": [
      [7.928737063402062, -4.459730659491858],
      [7.377439150128088, -4.576982431338732],
      [-1.3324586208785105, -9.281586781839856],
      [-10.436800395160365, 1.8507842405705757],
      [-0.6512384984106159, 11.054160829657743],
      [2.2699713003528723, 6.829323258757784],
      [2.5916427415373318, 6.532518313149726],
      [3.0092609520164233, 6.401519373889399],
      [16.62125562890061, 5.26454546836337],
      [14.31642360550324, -4.946928293163228],
      [7.928737063402062, -4.459730659491858]
    ],
    "interiors": []
  },
  "expensive_areas": [],
  "valuable_areas": [
    {
      "polygon": {
        "exterior": [
          [7.852686573054465, -5.456834627450009],
          [-1.5837735382257392, -10.553887711200321],
          [-11.801586444799899, 1.9399846777819014],
          [-0.48971177001828603, 12.578867110803161],
          [3.092498444808296, 7.398049112428959],
          [17.84974704911441, 6.165415176055931],
          [15.101695486208108, -6.009726502415026],
          [7.852686573054465, -5.456834627450009]
        ],
        "interiors": []
      },
      "penalty": 1.0
    }
  ],
  "touring_costs": { "distance": 1.0, "turn": 1.0 },
  "tool_radius": 1.0,
  "original_area": {
    "exterior": [
      [7.852686573054465, -5.456834627450009],
      [-1.5837735382257392, -10.553887711200321],
      [-11.801586444799899, 1.9399846777819014],
      [-0.48971177001828603, 12.578867110803161],
      [3.092498444808296, 7.398049112428959],
      [17.84974704911441, 6.165415176055931],
      [15.101695486208108, -6.009726502415026],
      [7.852686573054465, -5.456834627450009]
    ],
    "interiors": []
  }
}
