{
  "feasible_area": {
    "exterior": [
      [-1.3054651013822793, -8.273937475521187],
      [-1.649500477213673, -7.996889753462562],
      [-2.079327732602236, -7.895084495020494],
      [-2.5110807872954224, -7.988385512616358],
      [-4.0588392900244, -8.708589380539799],
      [-9.503934756209503, 0.47894514409572997],
      [-6.6539385093259265, 2.1073187921969074],
      [-6.372866546066981, 2.346291926548477],
      [-6.197574337989787, 2.6709182490478596],
      [-6.15192083872864, 3.0370129983645686],
      [-6.381434251552296, 6.766415695548924],
      [-3.248515701304065, 7.590222408624936],
      [-2.914709613455605, 7.7485672118412525],
      [-2.6611807054988894, 8.017309976991466],
      [-2.5225355671389393, 8.359767429238396],
      [-2.5176992016682314, 8.729194269843326],
      [-2.5801559359536577, 9.08722861132303],
      [6.2471597864800295, 10.742594402286825],
      [6.612194966727217, 3.742561498034958],
      [6.709114253005273, 3.3623257548767205],
      [7.317188135745983, 2.093996630454803],
      [7.559748057038348, 1.7743099221080212],
      [7.908456370972544, 1.575721355709729],
      [8.3071588666751, 1.530210622563457],
      [8.56941361821161, 1.6085790330769425],
      [11.44925096342214, -3.7766058812118053],
      [0.6305539773731057, -10.716902411087428],
      [-1.3054651013822793, -8.273937475521187]
    ],
    "interiors": []
  },
  "expensive_areas": [],
  "valuable_areas": [
    {
      "polygon": {
        "exterior": [
          [-0.2734444691371518, 3.869837683570756],
          [-0.4414771418725283, 3.874054709439954],
          [-0.4750849779433064, 10.499419008956874],
          [4.74455192191551, 11.478245261123194],
          [4.744869032226593, 11.47197702152966],
          [4.842748631473443, 11.496659859501532],
          [6.404731168833181, 11.789574777210545],
          [7.3534812479050995, 8.729795721874144],
          [7.43653876252379, 7.137057907172249],
          [7.428816711727583, 7.133950134446847],
          [7.436920851909007, 7.129730837307177],
          [7.4571161546960445, 6.742459166875689],
          [3.492278973270361, 0.5039100032935995],
          [-0.8127771472298893, 2.8419849064989995],
          [-0.2734444691371518, 3.869837683570756]
        ],
        "interiors": []
      },
      "penalty": 14
    },
    {
      "polygon": {
        "exterior": [
          [0.6065599866036773, -11.920374913337406],
          [-0.05587523057971211, -11.460783050519879],
          [-2.0891977661967807, -8.895035785052585],
          [-3.0856895456199345, -9.358723907346258],
          [-6.0582135313018926, -7.29641230251027],
          [-6.967099453059733, -5.762844923028539],
          [-3.6593923396230164, -1.3642339639906762],
          [1.32199192705444, -5.116512215545094],
          [1.2430022239414935, -3.0109274540804183],
          [2.920108402888638, -3.0522015521766357],
          [3.123602474517565, -2.52792123592378],
          [3.8756437289358723, -3.07571756999158],
          [8.73035687124936, -3.195193551286118],
          [8.589950043078534, -6.5096777435694815],
          [8.801113057270728, -6.663491546184156],
          [0.6065599866036773, -11.920374913337406]
        ],
        "interiors": []
      },
      "penalty": 13
    }
  ],
  "touring_costs": { "distance": 1.0, "turn": 5.0 },
  "tool_radius": 1.0,
  "original_area": {
    "exterior": [
      [-2.0891977661967807, -8.895035785052585],
      [-4.457615230325941, -9.99710914825215],
      [-10.882224129665504, 0.8431628793965058],
      [-7.150032516540242, 2.9755876077177934],
      [-7.429991540089642, 7.524689660975284],
      [-3.5028226267654707, 8.557345972427601],
      [-3.7349641726006846, 9.888101517752121],
      [7.186278153155901, 11.93613644811474],
      [7.610838045522927, 3.7946383755664015],
      [8.218911928263637, 2.5263092511444842],
      [8.99111351606032, 2.940572042237279],
      [12.76666047038752, -4.119555341500534],
      [0.4088559557787952, -12.047203920642605],
      [-2.0891977661967807, -8.895035785052585]
    ],
    "interiors": []
  }
}
