{
  "feasible_area": {
    "exterior": [
      [16.385138973945942, 9.692268273510662],
      [16.22523453120751, 9.375801318839452],
      [16.185814353170073, 9.023428201576158],
      [17.321705323192557, -7.950442059345056],
      [-14.636235630446633, -12.8239658899302],
      [-14.774360659495372, 5.026607638437329],
      [-10.07940034176062, 5.724989019780633],
      [-9.751749661012783, 5.8340029750080795],
      [-9.480711644823508, 6.047959523889003],
      [4.273992983991268, 21.447803068913966],
      [18.64710558322517, 12.69201039702586],
      [16.385138973945942, 9.692268273510662]
    ],
    "interiors": []
  },
  "expensive_areas": [],
  "valuable_areas": [
    {
      "polygon": {
        "exterior": [
          [17.183582704332185, 9.090198834486472],
          [18.380827086656527, -8.8004890506262],
          [-15.627268835710897, -13.9866575259644],
          [-15.781054863520907, 5.887863521842805],
          [-10.226532738045037, 6.714105826817903],
          [4.082972867428394, 22.735107620582852],
          [20.110347769689643, 12.971573747877908],
          [17.183582704332185, 9.090198834486472]
        ],
        "interiors": []
      },
      "penalty": 1.0
    }
  ],
  "touring_costs": { "distance": 1.0, "turn": 1.0 },
  "tool_radius": 1.0,
  "original_area": {
    "exterior": [
      [17.183582704332185, 9.090198834486472],
      [18.380827086656527, -8.8004890506262],
      [-15.627268835710897, -13.9866575259644],
      [-15.781054863520907, 5.887863521842805],
      [-10.226532738045037, 6.714105826817903],
      [4.082972867428394, 22.735107620582852],
      [20.110347769689643, 12.971573747877908],
      [17.183582704332185, 9.090198834486472]
    ],
    "interiors": []
  }
}
