{
  "feasible_area": {
    "exterior": [
      [-9.695262872725726, 17.948995062246418],
      [-9.631227679839766, 17.932692937287655],
      [-9.296159586210901, 17.962495805414953],
      [3.516853517704775, 21.33964792101452],
      [4.76593813829162, 13.63759391894858],
      [4.894599401226987, 13.28476749787742],
      [5.144335517451138, 13.004282068239293],
      [5.479923654189144, 12.835697352245463],
      [5.854032392180193, 12.802790572628622],
      [6.213897358705081, 12.910202908298453],
      [10.432631399519222, 15.100944194811747],
      [19.442776279001922, -4.3605411901703945],
      [14.639629131630638, -6.11072815373692],
      [14.211785584112334, -6.41250127862208],
      [7.703922052835163, -14.271454229143773],
      [3.347348039172691, -10.74211834593255],
      [3.048946550279689, -10.575533306145212],
      [2.711877447576905, -10.519155615010778],
      [2.3755083879534404, -10.579569849943741],
      [-4.071703814712209, -12.928826785498586],
      [-6.038364350733956, -9.040283686258576],
      [-6.263632693828434, -8.746629560755771],
      [-6.580278651555816, -8.555020820662168],
      [-6.944928512852336, -8.491703757545045],
      [-7.307633060501284, -8.565351452282359],
      [-7.618709543571149, -8.765875748830764],
      [-14.760719745058497, -15.536435218414125],
      [-32.419029515070626, 1.0586467673675057],
      [-20.54250935719457, 9.886345324343038],
      [-20.30221841794109, 10.141473431179719],
      [-20.164716457985268, 10.463844796833829],
      [-20.146892854946636, 10.813862518613899],
      [-20.669602181941308, 14.964774238105925],
      [-10.073111330665135, 17.75771304228014],
      [-9.731431312287635, 17.922111423143008],
      [-9.695262872725726, 17.948995062246418]
    ],
    "interiors": []
  },
  "expensive_areas": [],
  "valuable_areas": [
    {
      "polygon": {
        "exterior": [
          [14.981992017436443, -7.050295955666468],
          [7.843154729581224, -15.671218336267412],
          [2.717871273759245, -11.519137651873288],
          [-4.563418939761426, -14.172318747235497],
          [-6.9307269218907095, -9.491602909866996],
          [-14.757737475586932, -16.911536363871424],
          [-33.97468097561307, 1.1483321655981484],
          [-21.139057195169897, 10.688922845213742],
          [-21.771165124488768, 15.7085849715417],
          [-10.327979150262959, 18.72468894401371],
          [-9.772003383897125, 19.137940166191466],
          [-9.551027405808725, 18.929471707148522],
          [4.327551268085831, 22.587477123199683],
          [5.753041532385528, 13.797677926170687],
          [10.900456648437455, 16.470672882586896],
          [20.807304724703172, -4.92764885655844],
          [14.981992017436443, -7.050295955666468]
        ],
        "interiors": []
      },
      "penalty": 1.0
    }
  ],
  "touring_costs": { "distance": 1.0, "turn": 5.0 },
  "tool_radius": 1.0,
  "original_area": {
    "exterior": [
      [14.981992017436443, -7.050295955666468],
      [7.843154729581224, -15.671218336267412],
      [2.717871273759245, -11.519137651873288],
      [-4.563418939761426, -14.172318747235497],
      [-6.9307269218907095, -9.491602909866996],
      [-14.757737475586932, -16.911536363871424],
      [-33.97468097561307, 1.1483321655981484],
      [-21.139057195169897, 10.688922845213742],
      [-21.771165124488768, 15.7085849715417],
      [-10.327979150262959, 18.72468894401371],
      [-9.772003383897125, 19.137940166191466],
      [-9.551027405808725, 18.929471707148522],
      [4.327551268085831, 22.587477123199683],
      [5.753041532385528, 13.797677926170687],
      [10.900456648437455, 16.470672882586896],
      [20.807304724703172, -4.92764885655844],
      [14.981992017436443, -7.050295955666468]
    ],
    "interiors": []
  }
}
