{
  "feasible_area": {
    "exterior": [
      [25.328760438262755, 7.203821330015007],
      [25.193218022542556, 6.640223620507064],
      [26.710591096073877, -19.47396341798318],
      [3.4648639299400266, -22.033444674919355],
      [3.02583323108427, -22.191270510004024],
      [2.7061818708557337, -22.531093929829666],
      [-7.462356423524465, -40.316296888429214],
      [-14.836505295845985, -36.82234711924409],
      [-15.26085118388409, -36.72604812019968],
      [-15.685922961079307, -36.81909065963142],
      [-16.031236291714666, -37.08385779051689],
      [-18.96141188524084, -40.58150598919928],
      [-30.796833921991983, -29.315747147535088],
      [-31.058114604507807, -29.13637697121168],
      [-36.608026530951406, -26.506769971117215],
      [-36.00241602445602, -25.372758089604847],
      [-35.886132509915974, -24.958640706791556],
      [-35.954563702178454, -24.533985276557292],
      [-36.19504879992992, -24.17735944986862],
      [-48.98313092554013, -12.00479400799715],
      [-29.086098436802164, 4.194751536517147],
      [-28.84937757290404, 4.4738297021414235],
      [-28.728912896261217, 4.819386718586213],
      [-28.74083720380752, 5.185145109908171],
      [-31.516066486810384, 17.7966490765352],
      [24.456504083311167, 19.31916589155852],
      [25.12428601254464, 7.826552436686337],
      [25.226042156412532, 7.441637618368164],
      [25.363884465323217, 7.263759370463594],
      [25.328760438262755, 7.203821330015007]
    ],
    "interiors": []
  },
  "expensive_areas": [],
  "valuable_areas": [
    {
      "polygon": {
        "exterior": [
          [26.191534171306618, 6.69823109517106],
          [27.763994879299087, -20.364021264182263],
          [3.5743079722237328, -23.02743763345005],
          [-7.053798902791056, -41.61644545006925],
          [-15.264684911171637, -37.72604077144022],
          [-18.87910602379798, -42.04044893243503],
          [-31.48629421983346, -30.040070623407807],
          [-37.98438270759944, -26.96120753492411],
          [-36.8845090977714, -24.90168292574134],
          [-50.49505983795423, -11.946235974630822],
          [-29.717470319802526, 4.9702317395891376],
          [-32.75272687497407, 18.763380406519353],
          [25.398574995976634, 20.345161161132054],
          [26.122602161308702, 7.884559911350333],
          [26.765853567790785, 7.678288967169092],
          [26.191534171306618, 6.69823109517106]
        ],
        "interiors": []
      },
      "penalty": 1.0
    }
  ],
  "touring_costs": { "distance": 1.0, "turn": 50.0 },
  "tool_radius": 1.0,
  "original_area": {
    "exterior": [
      [26.191534171306618, 6.69823109517106],
      [27.763994879299087, -20.364021264182263],
      [3.5743079722237328, -23.02743763345005],
      [-7.053798902791056, -41.61644545006925],
      [-15.264684911171637, -37.72604077144022],
      [-18.87910602379798, -42.04044893243503],
      [-31.48629421983346, -30.040070623407807],
      [-37.98438270759944, -26.96120753492411],
      [-36.8845090977714, -24.90168292574134],
      [-50.49505983795423, -11.946235974630822],
      [-29.717470319802526, 4.9702317395891376],
      [-32.75272687497407, 18.763380406519353],
      [25.398574995976634, 20.345161161132054],
      [26.122602161308702, 7.884559911350333],
      [26.765853567790785, 7.678288967169092],
      [26.191534171306618, 6.69823109517106]
    ],
    "interiors": []
  }
}
