{
  "feasible_area": {
    "exterior": [
      [-13.010133890868536, 16.985771418826133],
      [-12.770151607209682, 17.302660799352186],
      [-12.677399537025412, 17.66897616689196],
      [-12.64699689308039, 17.6679946393797],
      [-12.27640212198144, 17.72644540924986],
      [-11.953429278977517, 17.917352505886573],
      [-4.4598686087130055, 24.52360681442586],
      [4.699304869198969, 17.303194892107943],
      [4.975563970479662, 17.14911832996086],
      [5.286126153649432, 17.089036648656936],
      [12.98888579687206, 16.840358588820962],
      [13.020494730149993, 16.801429287948093],
      [13.410709703334923, 16.612147015087633],
      [13.844364141813312, 16.605875483780842],
      [14.878152943686773, 16.819878602972427],
      [24.939879891769095, -3.424911724687737],
      [24.849725212248924, -3.4570135235082495],
      [24.494832716033617, -3.6755851088774865],
      [24.259866973883643, -4.019842747596893],
      [24.185646756572357, -4.429981237796259],
      [24.285065765153607, -4.834750409712144],
      [33.60186411828873, -24.083154270178177],
      [0.5682961597328255, -26.963389904565226],
      [-1.8367852575887103, -18.248714278789326],
      [-2.041664628634475, -17.863756708666564],
      [-2.3908973909054216, -17.602597053988557],
      [-2.8180706877634485, -17.51489949457911],
      [-14.369891032978009, -17.715031412545667],
      [-13.435087555595274, 1.7834026062749007],
      [-13.518065062582162, 2.2327531236919635],
      [-13.792278374497792, 2.598277697061529],
      [-21.76459508950673, 9.267918777432602],
      [-13.010133890868536, 16.985771418826133]
    ],
    "interiors": []
  },
  "expensive_areas": [],
  "valuable_areas": [
    {
      "polygon": {
        "exterior": [
          [-13.671434034983347, 17.735892821929475],
          [-13.625207711046407, 18.700096474381255],
          [-12.614729423092328, 18.667473908989916],
          [-4.495650596759887, 25.825179282707204],
          [5.318393623637495, 18.088515918267152],
          [13.635490696546464, 17.820004415980012],
          [13.641653369412401, 17.585114138426697],
          [15.43048353908509, 17.95541727512175],
          [26.33691399223715, -3.9889665157098353],
          [25.185169005900324, -4.3990737452036335],
          [35.134050781034276, -24.95335506689482],
          [-0.17419346863732343, -28.03192240188976],
          [-2.8007485788319624, -18.514749455594345],
          [-15.419861393341575, -18.73337190427624],
          [-14.43394029176886, 1.8312900935606518],
          [-23.29930204293742, 9.248052753858197],
          [-13.671434034983347, 17.735892821929475]
        ],
        "interiors": []
      },
      "penalty": 1.0
    }
  ],
  "touring_costs": { "distance": 1.0, "turn": 1.0 },
  "tool_radius": 1.0,
  "original_area": {
    "exterior": [
      [-13.671434034983347, 17.735892821929475],
      [-13.625207711046407, 18.700096474381255],
      [-12.614729423092328, 18.667473908989916],
      [-4.495650596759887, 25.825179282707204],
      [5.318393623637495, 18.088515918267152],
      [13.635490696546464, 17.820004415980012],
      [13.641653369412401, 17.585114138426697],
      [15.43048353908509, 17.95541727512175],
      [26.33691399223715, -3.9889665157098353],
      [25.185169005900324, -4.3990737452036335],
      [35.134050781034276, -24.95335506689482],
      [-0.17419346863732343, -28.03192240188976],
      [-2.8007485788319624, -18.514749455594345],
      [-15.419861393341575, -18.73337190427624],
      [-14.43394029176886, 1.8312900935606518],
      [-23.29930204293742, 9.248052753858197],
      [-13.671434034983347, 17.735892821929475]
    ],
    "interiors": []
  }
}
