{
  "feasible_area": {
    "exterior": [
      [16.60623672233041, 5.05407290420041],
      [16.304465306607522, 4.8197341384904435],
      [16.112606087020104, 4.489324265270575],
      [16.058666796089472, 4.111076730770001],
      [16.622834986499456, -7.035500403700695],
      [-12.580847040715376, -13.092667384031923],
      [-13.99550868944783, -7.238921241521478],
      [-14.148709554372699, -6.899772576481607],
      [-14.415310336608405, -6.640125999528694],
      [-14.758388874772892, -6.49594056800743],
      [-15.13043142548326, -6.487184857129504],
      [-21.862116260086403, -7.598653874080146],
      [-28.088933117183476, 6.850094612907531],
      [-11.994038988777477, 10.876855947255974],
      [-11.667229224151285, 11.024976291475149],
      [-11.413741595511999, 11.278921720166954],
      [-11.266211179679804, 11.60599821738284],
      [-11.2436316706659, 11.964096561974554],
      [-11.348910050618432, 12.307113648052207],
      [-12.274684954862963, 14.093318772627931],
      [7.1062807914400805, 29.934189028789042],
      [15.734438027490318, 12.046285810692014],
      [18.6168441015608, 6.070478986866589],
      [16.60623672233041, 5.05407290420041]
    ],
    "interiors": []
  },
  "expensive_areas": [],
  "valuable_areas": [
    {
      "polygon": {
        "exterior": [
          [17.05738838446241, 4.161625607294013],
          [17.66486677529457, -7.840654663087865],
          [-13.325497830084414, -14.268399391344978],
          [-14.967526913077714, -7.473826696825101],
          [-22.470913496037056, -8.712711450652723],
          [-29.472868055207172, 7.534671869680015],
          [-12.23674693910853, 11.84695534981537],
          [-13.536060891181403, 14.353872775406213],
          [7.455780777105817, 31.511378993518438],
          [16.63513514431952, 12.480733395258396],
          [16.636321088168014, 12.480880710169888],
          [16.63646845100284, 12.477969182662497],
          [19.943969296146093, 5.620855503220496],
          [17.05738838446241, 4.161625607294013]
        ],
        "interiors": []
      },
      "penalty": 1.0
    }
  ],
  "touring_costs": { "distance": 1.0, "turn": 1.0 },
  "tool_radius": 1.0,
  "original_area": {
    "exterior": [
      [17.05738838446241, 4.161625607294013],
      [17.66486677529457, -7.840654663087865],
      [-13.325497830084414, -14.268399391344978],
      [-14.967526913077714, -7.473826696825101],
      [-22.470913496037056, -8.712711450652723],
      [-29.472868055207172, 7.534671869680015],
      [-12.23674693910853, 11.84695534981537],
      [-13.536060891181403, 14.353872775406213],
      [7.455780777105817, 31.511378993518438],
      [16.63513514431952, 12.480733395258396],
      [16.636321088168014, 12.480880710169888],
      [16.63646845100284, 12.477969182662497],
      [19.943969296146093, 5.620855503220496],
      [17.05738838446241, 4.161625607294013]
    ],
    "interiors": []
  }
}
