{
  "feasible_area": {
    "exterior": [
      [-6.722680712962755, 11.131412196848217],
      [-6.369725675559463, 11.155070337505563],
      [-6.047091547530456, 11.300136479243337],
      [-5.795151784800735, 11.548457485208225],
      [-5.645433364905082, 11.868959218107863],
      [-4.988876355293921, 14.344941603898617],
      [12.717960647357899, 9.70485770404977],
      [6.45261209709836, -14.40342473551978],
      [4.781713462275115, -13.84733385850539],
      [4.402457336013114, -13.798182789731609],
      [4.0324846046163305, -13.89498782519809],
      [3.725904163664748, -14.123591128093732],
      [3.5275537205312495, -14.450559228338403],
      [2.4106431078991095, -17.483154203368958],
      [1.2246249325482177, -17.16193154968005],
      [0.8342079826959947, -17.135510662945727],
      [0.46354309354399603, -17.260933938049185],
      [0.16938775467381761, -17.518996129394434],
      [-7.333386705229342, -27.31216417538613],
      [-19.042297018327094, -9.641298988798066],
      [-17.78375498045663, -8.835684222543746],
      [-17.511487998496747, -8.5779616857845],
      [-17.353262178673972, -8.238086995110756],
      [-17.331316194049265, -7.863829611512228],
      [-17.448734557489217, -7.507791490875903],
      [-17.689014092718175, -7.220013867754648],
      [-18.018383459298896, -7.040943949070974],
      [-22.87433468956882, -5.488614866569792],
      [-17.980977431633498, 12.384876858916837],
      [-6.722680712962755, 11.131412196848217]
    ],
    "interiors": []
  },
  "expensive_areas": [],
  "valuable_areas": [
    {
      "polygon": {
        "exterior": [
          [-6.612027453618565, 12.125271269451826],
          [-5.6999050123513655, 15.565032120683254],
          [13.936829213931158, 10.419217861742565],
          [7.1514849993345315, -15.68994325881766],
          [4.465933090195565, -14.796166170670876],
          [3.032688969256494, -18.687658354552056],
          [0.9632023311765878, -18.127155991710033],
          [-7.392409653384725, -29.033509731812632],
          [-20.437054872983616, -9.346778779184994],
          [-18.32287887254842, -7.993457751233442],
          [-24.091991474347864, -6.149213267027711],
          [-18.719788253801294, 13.473312689841803],
          [-6.612027453618565, 12.125271269451826]
        ],
        "interiors": []
      },
      "penalty": 1.0
    }
  ],
  "touring_costs": { "distance": 1.0, "turn": 50.0 },
  "tool_radius": 1.0,
  "original_area": {
    "exterior": [
      [-6.612027453618565, 12.125271269451826],
      [-5.6999050123513655, 15.565032120683254],
      [13.936829213931158, 10.419217861742565],
      [7.1514849993345315, -15.68994325881766],
      [4.465933090195565, -14.796166170670876],
      [3.032688969256494, -18.687658354552056],
      [0.9632023311765878, -18.127155991710033],
      [-7.392409653384725, -29.033509731812632],
      [-20.437054872983616, -9.346778779184994],
      [-18.32287887254842, -7.993457751233442],
      [-24.091991474347864, -6.149213267027711],
      [-18.719788253801294, 13.473312689841803],
      [-6.612027453618565, 12.125271269451826]
    ],
    "interiors": []
  }
}
