{
  "feasible_area": {
    "exterior": [
      [-13.914467642380856, 3.6824368599319355],
      [-13.6393401538122, 4.102272118736475],
      [-10.340357947427552, 13.847337528214231],
      [-6.121476381528023, 11.640434893488466],
      [-5.7335281585291895, 11.529383437533083],
      [-5.333275003150761, 11.58070264648426],
      [-4.985892638104231, 11.786035892824064],
      [7.677632787844878, 23.279486118148142],
      [17.390327719919384, 11.354495517227301],
      [17.71410456132852, 11.093785119790377],
      [18.115915789061056, 10.987253004291503],
      [18.526327878765912, 11.053308064572205],
      [18.874421065494484, 11.280535896753346],
      [19.10004437513499, 11.629671223684694],
      [22.219104269196805, 19.808072773393306],
      [46.52531918049111, 4.954738111024196],
      [34.755326722982566, -18.57756894305053],
      [13.589215839042726, -10.89825445647569],
      [13.179571227733073, -10.84065138942262],
      [12.781663563311595, -10.95377217223286],
      [9.3074569328235, -12.786052022993324],
      [8.993692179372362, -13.04511946863539],
      [8.809110376327101, -13.407740234566297],
      [8.212864903195577, -15.596486576341073],
      [6.518310371159436, -14.735122132376718],
      [6.057654684600908, -14.626593675303232],
      [5.598684085977832, -14.742040966969327],
      [0.8131333624386651, -17.265917379093114],
      [-20.979124245121376, -2.7294647465687394],
      [-13.914467642380856, 3.6824368599319355]
    ],
    "interiors": []
  },
  "expensive_areas": [],
  "valuable_areas": [
    {
      "polygon": {
        "exterior": [
          [-14.586536865927872, 4.422925184459007],
          [-10.912703419302069, 15.275286610236648],
          [-5.6579618616512475, 12.526524217351136],
          [7.786759153809065, 24.728989690979716],
          [18.165688905735664, 11.986013554601984],
          [21.713607455993074, 21.288913644756537],
          [47.83062429704532, 5.329012321633492],
          [35.25135691995192, -19.82131666130692],
          [13.248157477543785, -11.838296580027427],
          [9.77395084705569, -13.670576430787891],
          [8.854824643672771, -17.04457959884203],
          [6.065178000210022, -15.626565374763894],
          [0.7532642305301755, -18.428043123309337],
          [-22.600133629491634, -2.8502371009110754],
          [-14.586536865927872, 4.422925184459007]
        ],
        "interiors": []
      },
      "penalty": 1.0
    }
  ],
  "touring_costs": { "distance": 1.0, "turn": 5.0 },
  "tool_radius": 1.0,
  "original_area": {
    "exterior": [
      [-14.586536865927872, 4.422925184459007],
      [-10.912703419302069, 15.275286610236648],
      [-5.6579618616512475, 12.526524217351136],
      [7.786759153809065, 24.728989690979716],
      [18.165688905735664, 11.986013554601984],
      [21.713607455993074, 21.288913644756537],
      [47.83062429704532, 5.329012321633492],
      [35.25135691995192, -19.82131666130692],
      [13.248157477543785, -11.838296580027427],
      [9.77395084705569, -13.670576430787891],
      [8.854824643672771, -17.04457959884203],
      [6.065178000210022, -15.626565374763894],
      [0.7532642305301755, -18.428043123309337],
      [-22.600133629491634, -2.8502371009110754],
      [-14.586536865927872, 4.422925184459007]
    ],
    "interiors": []
  }
}
