{
  "feasible_area": {
    "exterior": [
      [-13.734443908529151, -7.965318482307537],
      [-14.099051068733642, -7.825765501065468],
      [-14.21976590348131, -7.806890979653241],
      [-13.727315114483513, -6.621790042997085],
      [-13.662447041902674, -6.085644123709899],
      [-14.837487661898017, 1.5334447655048367],
      [-15.053120702028297, 2.015816111333109],
      [-22.033799461230945, 10.512841703404328],
      [2.628346778322041, 23.449852868324097],
      [10.746896746228396, 10.730207129759142],
      [11.079426684807698, 10.408289976300498],
      [11.521288525840694, 10.270576770029631],
      [16.708809689389685, 9.914177424989322],
      [14.250566806415389, 0.1104500581874848],
      [14.220555464270547, -0.1270050626956589],
      [14.15075227681377, -12.242799407886341],
      [6.827923605067899, -11.097829223800453],
      [6.432412445997025, -11.115308015880894],
      [6.074679304000421, -11.284900422077088],
      [5.810793334673379, -11.580025446964008],
      [5.682114595937936, -11.954426792206828],
      [5.348819112729156, -14.468959510077054],
      [-13.734443908529151, -7.965318482307537]
    ],
    "interiors": [
      [
        [3.6766502428193677, 1.2657650229666038],
        [4.039581946362477, 1.3845196641108828],
        [4.331537766324312, 1.6306576039341087],
        [4.509944095951046, 1.9682864945509029],
        [4.548785352059869, 2.34817258676],
        [4.133137053463052, 6.9425942823721165],
        [4.020686536411707, 7.32095893673723],
        [3.770585136660213, 7.6263344765243755],
        [3.4217998854042877, 7.811141886993458],
        [3.0286732444606184, 7.846587262408231],
        [-1.0963575538867882, 7.396232946526662],
        [-1.462503468644733, 7.282299955990133],
        [-1.7588511877726323, 7.0389450986434685],
        [-1.9418246884739594, 6.701952138379274],
        [-1.9845188963274019, 6.3208737188350925],
        [-1.6043077212925354, 1.6577575754223342],
        [-1.4924090878575564, 1.2730409915168408],
        [-1.2384761387662975, 0.9631277593657366],
        [-0.8832722616006654, 0.7777676780563268],
        [-0.48381767908998974, 0.7467162592843938],
        [3.6766502428193677, 1.2657650229666038]
      ]
    ]
  },
  "expensive_areas": [],
  "valuable_areas": [
    {
      "polygon": {
        "exterior": [
          [15.220538868175405, -0.1327663051703748],
          [15.144042758538628, -13.410256436122575],
          [6.673444232598699, -12.085825237700066],
          [6.179985492899483, -15.808702409472069],
          [-14.248463285383746, -8.846617494532275],
          [-14.253530441202841, -8.81376151496508],
          [-15.631523992285704, -8.598303581893385],
          [-14.650762661879043, -6.238065366687129],
          [-15.825803281874386, 1.3810235225276064],
          [-23.586543030005394, 10.827555375370773],
          [2.977142119817315, 24.76205596695022],
          [11.589830161445642, 11.268225026775765],
          [17.969388009966398, 10.829928937530696],
          [15.220538868175405, -0.1327663051703748]
        ],
        "interiors": [
          [
            [3.552852635211893, 2.2580725117777414],
            [3.137204336615076, 6.852494207389858],
            [-0.9878264617323307, 6.402139891508289],
            [-0.6076152866974642, 1.7390237480955313],
            [3.552852635211893, 2.2580725117777414]
          ]
        ]
      },
      "penalty": 1.0
    }
  ],
  "touring_costs": { "distance": 1.0, "turn": 1.0 },
  "tool_radius": 1.0,
  "original_area": {
    "exterior": [
      [15.220538868175405, -0.1327663051703748],
      [15.144042758538628, -13.410256436122575],
      [6.673444232598699, -12.085825237700066],
      [6.179985492899483, -15.808702409472069],
      [-14.248463285383746, -8.846617494532275],
      [-14.253530441202841, -8.81376151496508],
      [-15.631523992285704, -8.598303581893385],
      [-14.650762661879043, -6.238065366687129],
      [-15.825803281874386, 1.3810235225276064],
      [-23.586543030005394, 10.827555375370773],
      [2.977142119817315, 24.76205596695022],
      [11.589830161445642, 11.268225026775765],
      [17.969388009966398, 10.829928937530696],
      [15.220538868175405, -0.1327663051703748]
    ],
    "interiors": [
      [
        [3.552852635211893, 2.2580725117777414],
        [3.137204336615076, 6.852494207389858],
        [-0.9878264617323307, 6.402139891508289],
        [-0.6076152866974642, 1.7390237480955313],
        [3.552852635211893, 2.2580725117777414]
      ]
    ]
  }
}
