{
  "feasible_area": {
    "exterior": [
      [-6.495656881255791, 14.88090236484021],
      [-6.350025963825929, 14.89662562671364],
      [-5.984283352101272, 15.114029772342517],
      [-5.74202975719612, 15.463808868806735],
      [-2.718271787697482, 22.791587128436696],
      [12.5580619485023, 16.222271371810844],
      [9.162424087110885, 6.210970288130724],
      [9.117495460676773, 5.763036420109378],
      [9.273596222276023, 5.340785447556385],
      [9.599090471498595, 5.029792159338055],
      [15.972211844772858, 1.2477170055582287],
      [5.975708569598723, -15.275812139327895],
      [-14.369695629545053, -1.5203073979519688],
      [-6.495656881255791, 14.88090236484021]
    ],
    "interiors": [
      [
        [2.003360076123946, -3.447384397492021],
        [2.1875888970614836, -3.5058989024349123],
        [8.077550060571447, -4.078606777581045],
        [8.464651232268677, -4.040229504698136],
        [8.807820686622035, -3.8570496537261563],
        [9.055129976430637, -3.5567860239311653],
        [9.169156227265539, -3.184874547469583],
        [9.61426760005143, 1.1746107886165367],
        [9.581400409922566, 1.549371974959901],
        [9.412390561082615, 1.8854699814573357],
        [9.13115737502748, 2.1353381347656955],
        [8.777502715605578, 2.2636135449019825],
        [6.415264481043377, 2.641749856949957],
        [6.334776477417117, 3.1831641230934937],
        [6.191192411268883, 3.5700209800549305],
        [5.9036334105466155, 3.865967652503453],
        [5.521063472476448, 4.020611935665586],
        [5.108624544761005, 4.0076218342542065],
        [0.4354848649535661, 2.8674944393228774],
        [0.0950732364055803, 2.71242762484902],
        [-0.1645404842982522, 2.4431201614840603],
        [-0.30702964120662646, 2.097255109816076],
        [-0.31245632593099515, 1.7232279117479954],
        [0.4653946638146249, -2.7115054261487894],
        [0.609891539065846, -3.08060634772034],
        [0.8864381977435845, -3.3645725126705206],
        [1.2515850565742452, -3.518788623205175],
        [1.6479621262557955, -3.5190250402144194],
        [2.003360076123946, -3.447384397492021]
      ]
    ]
  },
  "expensive_areas": [],
  "valuable_areas": [
    {
      "polygon": {
        "exterior": [
          [10.109433106487653, 5.889763318687265],
          [17.349861798411247, 1.592991948025288],
          [6.286901351575953, -16.693317208295284],
          [-15.644652177680959, -1.865418700870725],
          [-7.0365142184210665, 16.0648812189194],
          [-6.666421683234753, 15.845252923780182],
          [-3.25554475868359, 24.111175668299225],
          [13.801818424863486, 16.77595985911379],
          [10.109433106487653, 5.889763318687265]
        ],
        "interiors": [
          [
            [2.31570334931728, -2.3643079807550635],
            [2.284367051561962, -2.510592924952871],
            [8.174328215071926, -3.0833008000990034],
            [8.619439587857816, 1.2761845359871162],
            [5.5338546355883995, 1.7701108882452],
            [5.345646894959063, 3.03611763688469],
            [0.672507215151624, 1.8959902419533607],
            [1.450358204897244, -2.538743095943424],
            [2.31570334931728, -2.3643079807550635]
          ]
        ]
      },
      "penalty": 1.0
    }
  ],
  "touring_costs": { "distance": 1.0, "turn": 5.0 },
  "tool_radius": 1.0,
  "original_area": {
    "exterior": [
      [10.109433106487653, 5.889763318687265],
      [17.349861798411247, 1.592991948025288],
      [6.286901351575953, -16.693317208295284],
      [-15.644652177680959, -1.865418700870725],
      [-7.0365142184210665, 16.0648812189194],
      [-6.666421683234753, 15.845252923780182],
      [-3.25554475868359, 24.111175668299225],
      [13.801818424863486, 16.77595985911379],
      [10.109433106487653, 5.889763318687265]
    ],
    "interiors": [
      [
        [2.31570334931728, -2.3643079807550635],
        [2.284367051561962, -2.510592924952871],
        [8.174328215071926, -3.0833008000990034],
        [8.619439587857816, 1.2761845359871162],
        [5.5338546355883995, 1.7701108882452],
        [5.345646894959063, 3.03611763688469],
        [0.672507215151624, 1.8959902419533607],
        [1.450358204897244, -2.538743095943424],
        [2.31570334931728, -2.3643079807550635]
      ]
    ]
  }
}
