{
  "feasible_area": {
    "exterior": [
      [-19.552924103032904, 17.407820357819265],
      [-19.198203756590882, 17.52079513156642],
      [-18.909386561707958, 17.755687557206603],
      [-9.359567839065463, 29.075855330112372],
      [26.26686649170268, -4.951445378287698],
      [12.632758715506622, -31.47193445250226],
      [-3.6378419278537493, -20.36339182835293],
      [-4.035886671995475, -20.203108068848778],
      [-4.464462101787817, -20.224406023631925],
      [-35.59229063283395, -28.701613186543646],
      [-44.301155278637445, 14.396020452253289],
      [-19.552924103032904, 17.407820357819265]
    ],
    "interiors": []
  },
  "expensive_areas": [],
  "valuable_areas": [
    {
      "polygon": {
        "exterior": [
          [-19.6737303847924, 18.400496459217624],
          [-9.438058368113639, 30.5336612723376],
          [27.49778282629537, -4.744272061406935],
          [13.004278344807336, -32.93642321334865],
          [-4.2016967107214835, -21.18926577989589],
          [-36.36077950077651, -29.94731990206576],
          [-45.49555901829085, 15.258042338432901],
          [-19.6737303847924, 18.400496459217624]
        ],
        "interiors": []
      },
      "penalty": 1.0
    }
  ],
  "touring_costs": { "distance": 1.0, "turn": 5.0 },
  "tool_radius": 1.0,
  "original_area": {
    "exterior": [
      [-19.6737303847924, 18.400496459217624],
      [-9.438058368113639, 30.5336612723376],
      [27.49778282629537, -4.744272061406935],
      [13.004278344807336, -32.93642321334865],
      [-4.2016967107214835, -21.18926577989589],
      [-36.36077950077651, -29.94731990206576],
      [-45.49555901829085, 15.258042338432901],
      [-19.6737303847924, 18.400496459217624]
    ],
    "interiors": []
  }
}
