{
  "feasible_area": {
    "exterior": [
      [-1.7289077616335087, -11.189062178465736],
      [-2.0035861944204676, -11.011204622776331],
      [-16.88543199884811, -4.5383372388607235],
      [-6.6092814741421275, 13.087340961401749],
      [3.19457538496657, 9.138612232174285],
      [3.5782451779049897, 9.066249944611473],
      [3.960381013888291, 9.146318749598661],
      [4.2827305605629835, 9.366613053731458],
      [18.27046860494114, 23.653503715354937],
      [39.79781881661088, 3.056082928674307],
      [14.253737252979999, -25.752772174621537],
      [-1.7289077616335087, -11.189062178465736]
    ],
    "interiors": [
      [
        [19.752309009144863, -8.92447662436831],
        [20.107843945994315, -8.755438447237497],
        [20.370584657943322, -8.462272427834188],
        [20.499811853075382, -8.090413141696875],
        [20.47549803034926, -7.697490967885449],
        [17.847310275015072, 2.1848467332339143],
        [17.67401614126508, 2.5369064363043092],
        [17.37860085575071, 2.795182839412762],
        [17.006551545783346, 2.9199073449077937],
        [16.615155207528822, 2.891875261162082],
        [9.720390814587295, 0.9912686369153223],
        [9.386946266411083, 0.8278313285927184],
        [9.136128506712058, 0.5539929239089838],
        [9.002524557231204, 0.20751492295756907],
        [9.004558004523641, -0.16382439027532839],
        [10.928930895507317, -10.05088561189689],
        [11.084213346136385, -10.423068761272619],
        [11.373879032401199, -10.703651594591658],
        [11.750818773241848, -10.847002101837317],
        [12.153729751852822, -10.829806769117269],
        [19.752309009144863, -8.92447662436831]
      ]
    ]
  },
  "expensive_areas": [],
  "valuable_areas": [
    {
      "polygon": {
        "exterior": [
          [-2.402441841300025, -11.928218348383691],
          [-18.31599204233327, -5.00661054433526],
          [-7.037690999840291, 14.337958644558915],
          [3.5681824061716707, 10.066199313642247],
          [18.24751280128665, 25.059473256539953],
          [41.1847943672111, 3.1130267375527136],
          [14.329462572734148, -27.1746686916522],
          [-2.402441841300025, -11.928218348383691]
        ],
        "interiors": [
          [
            [19.509090392885092, -7.954505127516634],
            [16.880902637550903, 1.9278325736027293],
            [9.986138244609375, 0.027225949355969448],
            [11.910511135593051, -9.859835272265592],
            [19.509090392885092, -7.954505127516634]
          ]
        ]
      },
      "penalty": 1.0
    }
  ],
  "touring_costs": { "distance": 1.0, "turn": 50.0 },
  "tool_radius": 1.0,
  "original_area": {
    "exterior": [
      [-2.402441841300025, -11.928218348383691],
      [-18.31599204233327, -5.00661054433526],
      [-7.037690999840291, 14.337958644558915],
      [3.5681824061716707, 10.066199313642247],
      [18.24751280128665, 25.059473256539953],
      [41.1847943672111, 3.1130267375527136],
      [14.329462572734148, -27.1746686916522],
      [-2.402441841300025, -11.928218348383691]
    ],
    "interiors": [
      [
        [19.509090392885092, -7.954505127516634],
        [16.880902637550903, 1.9278325736027293],
        [9.986138244609375, 0.027225949355969448],
        [11.910511135593051, -9.859835272265592],
        [19.509090392885092, -7.954505127516634]
      ]
    ]
  }
}
