{
  "feasible_area": {
    "exterior": [
      [-22.098898709199744, 12.68657172750599],
      [-21.868214569179354, 12.949847283427655],
      [-21.74239814752427, 13.276496053277961],
      [-21.736865628569596, 13.626494027610422],
      [-22.654419838081203, 19.307818095240982],
      [13.002916737976518, 24.71816391061605],
      [19.78454882609635, -19.166372528479346],
      [-16.112615787433352, -21.19780916186825],
      [-18.033522956770963, -9.303911210431956],
      [-18.12415226508573, -9.020464383860459],
      [-18.294178794580706, -8.776237533807155],
      [-31.483102873319922, 5.169743589631609],
      [-22.098898709199744, 12.68657172750599]
    ],
    "interiors": []
  },
  "expensive_areas": [],
  "valuable_areas": [
    {
      "polygon": {
        "exterior": [
          [-22.724073631646156, 13.467056395096664],
          [-23.80259347726498, 20.14504957829279],
          [13.83888290107217, 25.856452160863128],
          [20.94108540354754, -20.102523564717032],
          [-16.956102457517545, -22.24714241002753],
          [-19.020730959847523, -9.463348842945713],
          [-32.95566494104631, 5.271463875510777],
          [-22.724073631646156, 13.467056395096664]
        ],
        "interiors": []
      },
      "penalty": 1.0
    }
  ],
  "touring_costs": { "distance": 1.0, "turn": 5.0 },
  "tool_radius": 1.0,
  "original_area": {
    "exterior": [
      [-22.724073631646156, 13.467056395096664],
      [-23.80259347726498, 20.14504957829279],
      [13.83888290107217, 25.856452160863128],
      [20.94108540354754, -20.102523564717032],
      [-16.956102457517545, -22.24714241002753],
      [-19.020730959847523, -9.463348842945713],
      [-32.95566494104631, 5.271463875510777],
      [-22.724073631646156, 13.467056395096664]
    ],
    "interiors": []
  }
}
