{
  "feasible_area": {
    "exterior": [
      [10.557702270307646, 1.0219811415705446],
      [10.491156581719618, 0.6665195187620561],
      [10.555391497069538, 0.3106330626987731],
      [15.83146726079232, -13.689954550129123],
      [4.4470900378044425, -16.141624711241388],
      [4.141156213644674, -16.2629020878504],
      [3.8911570534732767, -16.47692107475525],
      [3.7241683930442444, -16.76050262233954],
      [-0.8365594498573965, -28.62860341391553],
      [-23.441936410978045, -17.351928910593866],
      [-12.883116923376488, -1.2863214549389719],
      [-12.735165576628203, -0.9173305775989575],
      [-12.742669801073369, -0.5198540937910959],
      [-14.863532341545614, 9.009854021804234],
      [-4.961105906164516, 11.274036343831568],
      [-4.6135395594198005, 11.427555234344588],
      [-4.348331227357075, 11.69964888685843],
      [-3.025347899332071, 13.712613578923035],
      [-0.9715664989124898, 12.473847450598031],
      [-0.6133900688727879, 12.342753447507295],
      [-0.23218336135590067, 12.355300910456961],
      [5.520696656523123, 13.670692579582216],
      [7.8918884460982905, 7.378501207913809],
      [8.05909613671847, 7.091352053741895],
      [8.311162009639169, 6.874843753085996],
      [11.96090583110135, 4.673451227977359],
      [10.557702270307646, 1.0219811415705446]
    ],
    "interiors": []
  },
  "expensive_areas": [],
  "valuable_areas": [
    {
      "polygon": {
        "exterior": [
          [11.491151305572465, 0.6632710935328907],
          [17.17645110501116, -14.423232874914778],
          [4.657617428309065, -17.119212670377195],
          [-0.29795901781275, -30.01480363059447],
          [-24.89624058361609, -17.74397023393385],
          [-13.718788494778467, -0.737091972162832],
          [-16.05563230537891, 9.76308849771293],
          [-5.184002798759055, 12.24887836963457],
          [-3.332643984855193, 15.065784558690224],
          [-0.45508025395044016, 13.330142936259962],
          [6.14866546248336, 14.84008440443283],
          [8.827648254601218, 7.731139238747926],
          [13.19494393354936, 5.09694557122525],
          [11.491151305572465, 0.6632710935328907]
        ],
        "interiors": []
      },
      "penalty": 1.0
    }
  ],
  "touring_costs": { "distance": 1.0, "turn": 50.0 },
  "tool_radius": 1.0,
  "original_area": {
    "exterior": [
      [11.491151305572465, 0.6632710935328907],
      [17.17645110501116, -14.423232874914778],
      [4.657617428309065, -17.119212670377195],
      [-0.29795901781275, -30.01480363059447],
      [-24.89624058361609, -17.74397023393385],
      [-13.718788494778467, -0.737091972162832],
      [-16.05563230537891, 9.76308849771293],
      [-5.184002798759055, 12.24887836963457],
      [-3.332643984855193, 15.065784558690224],
      [-0.45508025395044016, 13.330142936259962],
      [6.14866546248336, 14.84008440443283],
      [8.827648254601218, 7.731139238747926],
      [13.19494393354936, 5.09694557122525],
      [11.491151305572465, 0.6632710935328907]
    ],
    "interiors": []
  }
}
