{
  "feasible_area": {
    "exterior": [
      [13.453400642509028, 1.186456939655718],
      [13.077014108688745, 1.101508213150006],
      [12.760808365705826, 0.8803814687684104],
      [12.551861107651684, 0.5559987436922442],
      [12.481281051917469, 0.1766551465290143],
      [12.62211776040435, -13.644944687260683],
      [-11.345185465494232, -18.321512964293717],
      [-11.119842846667991, 19.822587837776936],
      [-11.149244775600884, 20.069271765335575],
      [-12.15101858276107, 24.107468150416935],
      [17.72974929404899, 33.152176932795626],
      [23.145192733181638, 1.4562694648833814],
      [13.453400642509028, 1.186456939655718]
    ],
    "interiors": []
  },
  "expensive_areas": [],
  "valuable_areas": [
    {
      "polygon": {
        "exterior": [
          [13.481229141886253, 0.1868442273403876],
          [13.630546461284604, -14.467035852301041],
          [-12.352383009822773, -19.536898847052374],
          [-12.119825396864194, 19.828495400988636],
          [-13.350453723815438, 24.789214902490436],
          [18.5246199487987, 34.437586723932355],
          [24.324994354318616, 0.4887268562257141],
          [13.481229141886253, 0.1868442273403876]
        ],
        "interiors": []
      },
      "penalty": 1.0
    }
  ],
  "touring_costs": { "distance": 1.0, "turn": 1.0 },
  "tool_radius": 1.0,
  "original_area": {
    "exterior": [
      [13.481229141886253, 0.1868442273403876],
      [13.630546461284604, -14.467035852301041],
      [-12.352383009822773, -19.536898847052374],
      [-12.119825396864194, 19.828495400988636],
      [-13.350453723815438, 24.789214902490436],
      [18.5246199487987, 34.437586723932355],
      [24.324994354318616, 0.4887268562257141],
      [13.481229141886253, 0.1868442273403876]
    ],
    "interiors": []
  }
}
