{
  "feasible_area": {
    "exterior": [
      [8.161456129262511, 15.190783476656987],
      [8.453266085442126, 14.963640556967],
      [26.71622503071564, 5.5608853688839766],
      [8.918884634497507, -23.283510683865416],
      [-0.4543036527904766, -17.930821571608693],
      [-0.8137693458944837, -17.80855201109344],
      [-1.192904174383221, -17.82909980353334],
      [-1.5370500026996, -17.98950266759683],
      [-15.99485588039436, -28.4681051835062],
      [-28.889133622830617, -6.239122297530553],
      [-15.948250668182428, 2.212717168399283],
      [-15.742833092938335, 2.391074613216767],
      [-0.6328203993504877, 19.64164739530386],
      [5.208092586457208, 16.63443070905826],
      [5.542038322883431, 16.531205996711833],
      [5.8911095454753095, 16.549216484613805],
      [6.21265844406126, 16.686261739673647],
      [6.6110244289364, 16.946439145237953],
      [8.161456129262511, 15.190783476656987]
    ],
    "interiors": []
  },
  "expensive_areas": [],
  "valuable_areas": [
    {
      "polygon": {
        "exterior": [
          [8.911013534708921, 15.852722821265273],
          [28.13465276638455, 5.95535766476887],
          [9.262360603990489, -24.631227602261642],
          [-0.9502038253110521, -18.7992011078105],
          [-16.304387348728753, -29.927472400098196],
          [-30.230023285742018, -5.920488131298971],
          [-16.495069076519684, 3.049968402082167],
          [-0.8700286685790855, 20.88853030445665],
          [5.665840035724004, 17.52351297335653],
          [6.788191526594115, 18.256533638053448],
          [8.911013534708921, 15.852722821265273]
        ],
        "interiors": []
      },
      "penalty": 1.0
    }
  ],
  "touring_costs": { "distance": 1.0, "turn": 5.0 },
  "tool_radius": 1.0,
  "original_area": {
    "exterior": [
      [8.911013534708921, 15.852722821265273],
      [28.13465276638455, 5.95535766476887],
      [9.262360603990489, -24.631227602261642],
      [-0.9502038253110521, -18.7992011078105],
      [-16.304387348728753, -29.927472400098196],
      [-30.230023285742018, -5.920488131298971],
      [-16.495069076519684, 3.049968402082167],
      [-0.8700286685790855, 20.88853030445665],
      [5.665840035724004, 17.52351297335653],
      [6.788191526594115, 18.256533638053448],
      [8.911013534708921, 15.852722821265273]
    ],
    "interiors": []
  }
}
