{
  "feasible_area": {
    "exterior": [
      [6.047086927444822, 16.985356096690637],
      [6.000501519433095, 16.608923835683008],
      [6.097458190646381, 16.242221161471097],
      [6.324007644465346, 15.938006118547086],
      [6.647555883068866, 15.740046565447246],
      [7.021553553076033, 15.676823229596161],
      [13.623723287569728, 15.830968821138475],
      [13.918170352558576, -15.153646638008484],
      [-4.7012682183796795, -15.859820814769607],
      [-4.771660352233333, -15.530325899522577],
      [-4.907652284352155, -15.199677335499722],
      [-5.151262953185279, -14.93799791230702],
      [-5.471353487977547, -14.778736090051382],
      [-29.85067019502438, -7.71658377217734],
      [-15.735063345274769, 25.666134434670244],
      [8.140135409182147, 23.431978655207164],
      [6.047086927444822, 16.985356096690637]
    ],
    "interiors": []
  },
  "expensive_areas": [],
  "valuable_areas": [
    {
      "polygon": {
        "exterior": [
          [6.998212196930649, 16.676550783029242],
          [14.614043116057713, 16.854363049197087],
          [14.927361615321637, -16.116090286098853],
          [-5.503543351968803, -16.890967436169337],
          [-5.7495926564385185, -15.739247914618964],
          [-31.210104615703436, -8.363897091295453],
          [-16.370937368480647, 26.73000598429974],
          [9.476997415803778, 24.311248616899242],
          [6.998212196930649, 16.676550783029242]
        ],
        "interiors": []
      },
      "penalty": 1.0
    }
  ],
  "touring_costs": { "distance": 1.0, "turn": 5.0 },
  "tool_radius": 1.0,
  "original_area": {
    "exterior": [
      [6.998212196930649, 16.676550783029242],
      [14.614043116057713, 16.854363049197087],
      [14.927361615321637, -16.116090286098853],
      [-5.503543351968803, -16.890967436169337],
      [-5.7495926564385185, -15.739247914618964],
      [-31.210104615703436, -8.363897091295453],
      [-16.370937368480647, 26.73000598429974],
      [9.476997415803778, 24.311248616899242],
      [6.998212196930649, 16.676550783029242]
    ],
    "interiors": []
  }
}
