{
  "feasible_area": {
    "exterior": [
      [-8.024967218759171, 9.512596356165865],
      [-7.609098494507454, 9.481044370010403],
      [-7.216528458603491, 9.62186727493523],
      [4.210278199413899, 16.698585632012993],
      [10.247258950435956, 9.124280440192562],
      [10.537807550742912, 8.876654663086578],
      [10.899978642942484, 8.755952075696573],
      [11.280990493273066, 8.779763512766603],
      [18.777478300727196, 10.729667744439931],
      [22.392331505644815, -7.719994717686523],
      [9.319105981956204, -9.637978396645673],
      [8.96725817618932, -9.759639224444632],
      [8.684294353435373, -10.001568367906446],
      [8.509432800222454, -10.3302348746449],
      [8.466909019272817, -10.700086146776606],
      [8.562616731590477, -11.059861450607503],
      [8.807202528262737, -11.569787237949896],
      [0.7240627467238717, -13.834284443241108],
      [0.28509843073545293, -14.09172973986373],
      [-1.7946468195053529, -16.18104931937349],
      [-2.33129006579606, -15.395807010038414],
      [-2.62870613935598, -15.110920429978629],
      [-3.0157135233713275, -14.970058905680624],
      [-3.426669308561948, -14.997114901842673],
      [-8.454747544684768, -16.40573450034206],
      [-13.316926477699974, -5.251863072677727],
      [-13.517805168691917, -4.9531698281294725],
      [-13.811431317705994, -4.744954585054997],
      [-14.159759813145104, -4.654195772267893],
      [-20.317508398727686, -4.198166391994705],
      [-21.332584291383654, 13.422946917299278],
      [-8.024967218759171, 9.512596356165865]
    ],
    "interiors": []
  },
  "expensive_areas": [],
  "valuable_areas": [
    {
      "polygon": {
        "exterior": [
          [-7.743043401417095, 10.472033149923156],
          [4.4387647704881825, 18.016330353204918],
          [11.02925779813269, 9.747560314888498],
          [19.554445009633874, 11.965038558898195],
          [23.575366609812022, -8.557135400763565],
          [9.464262938136047, -10.627387037234891],
          [10.224018288252086, -12.211366362144958],
          [0.9938272259253411, -14.797210777786571],
          [-1.9384322192837087, -17.74296919236563],
          [-3.1569048293604784, -15.960041236388136],
          [-9.023473877111119, -17.603564616204054],
          [-14.233615368390748, -5.651464721428227],
          [-21.2654468610111, -5.1307026745214745],
          [-22.412564087620286, 14.782569599371797],
          [-7.743043401417095, 10.472033149923156]
        ],
        "interiors": []
      },
      "penalty": 1.0
    }
  ],
  "touring_costs": { "distance": 1.0, "turn": 5.0 },
  "tool_radius": 1.0,
  "original_area": {
    "exterior": [
      [-7.743043401417095, 10.472033149923156],
      [4.4387647704881825, 18.016330353204918],
      [11.02925779813269, 9.747560314888498],
      [19.554445009633874, 11.965038558898195],
      [23.575366609812022, -8.557135400763565],
      [9.464262938136047, -10.627387037234891],
      [10.224018288252086, -12.211366362144958],
      [0.9938272259253411, -14.797210777786571],
      [-1.9384322192837087, -17.74296919236563],
      [-3.1569048293604784, -15.960041236388136],
      [-9.023473877111119, -17.603564616204054],
      [-14.233615368390748, -5.651464721428227],
      [-21.2654468610111, -5.1307026745214745],
      [-22.412564087620286, 14.782569599371797],
      [-7.743043401417095, 10.472033149923156]
    ],
    "interiors": []
  }
}
