{
  "feasible_area": {
    "exterior": [
      [17.31300784163549, 7.466301409308002],
      [17.087983776735786, 7.193213570838365],
      [16.9721564470856, 6.858853245724715],
      [16.980028916634673, 6.5050866255820035],
      [20.733033693466414, -11.998325665900552],
      [-15.170345507940144, -26.80368722795662],
      [-17.26706592881293, -11.94528460246742],
      [-17.38816103006471, -11.590367905701452],
      [-17.631476814813556, -11.305013189457798],
      [-17.96279581218522, -11.129349854720353],
      [-35.65197543165862, -5.6789460530905975],
      [-21.653990808238483, 17.538427974858823],
      [-21.530551749066486, 17.85492504978415],
      [-21.52019258874347, 18.194484010147377],
      [-22.131455611854104, 22.526197488509393],
      [-19.313349760487696, 22.42037110689378],
      [-18.963419057429416, 22.46971770538221],
      [-18.652503528053423, 22.637700196487938],
      [-18.41943235065061, 22.903339820771112],
      [-6.281322928199903, 43.03588275710983],
      [10.023410226509181, 21.68268462715195],
      [10.35810941442128, 21.401695755381844],
      [10.780676335979935, 21.290270941035594],
      [14.005748051323849, 21.169162051559272],
      [15.258664115011726, 14.991919049857229],
      [15.443916262446688, 14.583817184689263],
      [19.476591293243438, 9.30249745321811],
      [17.31300784163549, 7.466301409308002]
    ],
    "interiors": []
  },
  "expensive_areas": [],
  "valuable_areas": [
    {
      "polygon": {
        "exterior": [
          [17.96007303279157, 6.703866731191809],
          [21.877102722750152, -12.608236402465126],
          [-15.980470780250018, -28.219442813701004],
          [-18.25725569889385, -12.085013694739185],
          [-37.16877237995631, -6.257982445671239],
          [-22.51038235882439, 18.054754917875613],
          [-23.28870838544211, 23.570359841764024],
          [-19.275823901236517, 23.4196667637879],
          [-6.378683341823291, 44.811155918443916],
          [10.818202195231116, 22.28956659792972],
          [14.82941317667692, 22.13893636384628],
          [16.238708231168623, 15.190699155467033],
          [20.847732715728107, 9.154573812550828],
          [17.96007303279157, 6.703866731191809]
        ],
        "interiors": []
      },
      "penalty": 1.0
    }
  ],
  "touring_costs": { "distance": 1.0, "turn": 5.0 },
  "tool_radius": 1.0,
  "original_area": {
    "exterior": [
      [17.96007303279157, 6.703866731191809],
      [21.877102722750152, -12.608236402465126],
      [-15.980470780250018, -28.219442813701004],
      [-18.25725569889385, -12.085013694739185],
      [-37.16877237995631, -6.257982445671239],
      [-22.51038235882439, 18.054754917875613],
      [-23.28870838544211, 23.570359841764024],
      [-19.275823901236517, 23.4196667637879],
      [-6.378683341823291, 44.811155918443916],
      [10.818202195231116, 22.28956659792972],
      [14.82941317667692, 22.13893636384628],
      [16.238708231168623, 15.190699155467033],
      [20.847732715728107, 9.154573812550828],
      [17.96007303279157, 6.703866731191809]
    ],
    "interiors": []
  }
}
