{
  "feasible_area": {
    "exterior": [
      [12.529462129117764, -1.0627773939153708],
      [12.45565245573749, -1.4747766645296454],
      [12.556935352700796, -1.8808961563715312],
      [17.211315284431166, -11.38857000669846],
      [6.975999468276582, -15.455963376843807],
      [6.641682693760596, -15.674692370343118],
      [6.419669818817658, -16.006837461650466],
      [-1.424364818631003, -35.1927146309629],
      [-42.760569484823606, -2.413760340560816],
      [-27.50723002027828, 25.368361728183167],
      [-10.373660012062658, 15.694174192214726],
      [-9.918335243548158, 15.565615520539273],
      [-9.454874250188297, 15.660756912791179],
      [1.448323434840387, 20.811075834321954],
      [9.289725709539427, 4.793153694189918],
      [9.460304439355308, 4.546807101779574],
      [9.696207579435304, 4.36205468594101],
      [13.800019956992603, 2.0449047554897968],
      [12.529462129117764, -1.0627773939153708]
    ],
    "interiors": [
      [
        [7.601005417445032, -8.9673113627551],
        [7.864420470293976, -8.679468619386407],
        [7.99763159716278, -8.312732023645308],
        [7.98035861154754, -7.922933897757867],
        [7.815231168928172, -7.569417472861634],
        [1.9017145617712266, 0.4846104785941955],
        [1.6138718184025347, 0.7480255314431394],
        [1.247135222661436, 0.8812366583119429],
        [0.857337096773994, 0.8639636726967028],
        [0.503820671877761, 0.698836230077335],
        [-1.914358790187146, -1.0766659775381537],
        [-2.1777738430360927, -1.36450872090685],
        [-2.310984969904894, -1.7312453166479476],
        [-2.293711984289653, -2.1210434425353877],
        [-2.1285845416702855, -2.474559867431619],
        [3.784932065486659, -10.528587818887448],
        [4.072774808855351, -10.792002871736392],
        [4.439511404596449, -10.925213998605196],
        [4.829309530483892, -10.907941012989955],
        [5.182825955380125, -10.742813570370588],
        [7.601005417445032, -8.9673113627551]
      ]
    ]
  },
  "expensive_areas": [],
  "valuable_areas": [
    {
      "polygon": {
        "exterior": [
          [13.45508909131085, -1.4412146104535992],
          [18.58437564037901, -11.918997754228577],
          [7.345296781010743, -16.385274678188694],
          [-1.0025577581382166, -36.803454762550594],
          [-44.043518322923816, -2.6726560992185657],
          [-27.896769443647344, 26.736703695081772],
          [-9.881988143348481, 16.564954746381567],
          [1.9128848957678082, 22.136472345647586],
          [10.18787944814948, 5.232835240107851],
          [15.059204307145356, 2.482322053891906],
          [13.45508909131085, -1.4412146104535992]
        ],
        "interiors": [
          [
            [7.009171348239869, -8.161251542066797],
            [1.095654741082924, -0.10722359061096753],
            [-1.322524720981983, -1.8827257982264562],
            [4.590991886174962, -9.936753749682286],
            [7.009171348239869, -8.161251542066797]
          ]
        ]
      },
      "penalty": 1.0
    }
  ],
  "touring_costs": { "distance": 1.0, "turn": 5.0 },
  "tool_radius": 1.0,
  "original_area": {
    "exterior": [
      [13.45508909131085, -1.4412146104535992],
      [18.58437564037901, -11.918997754228577],
      [7.345296781010743, -16.385274678188694],
      [-1.0025577581382166, -36.803454762550594],
      [-44.043518322923816, -2.6726560992185657],
      [-27.896769443647344, 26.736703695081772],
      [-9.881988143348481, 16.564954746381567],
      [1.9128848957678082, 22.136472345647586],
      [10.18787944814948, 5.232835240107851],
      [15.059204307145356, 2.482322053891906],
      [13.45508909131085, -1.4412146104535992]
    ],
    "interiors": [
      [
        [7.009171348239869, -8.161251542066797],
        [1.095654741082924, -0.10722359061096753],
        [-1.322524720981983, -1.8827257982264562],
        [4.590991886174962, -9.936753749682286],
        [7.009171348239869, -8.161251542066797]
      ]
    ]
  }
}
