{
  "feasible_area": {
    "exterior": [
      [-5.730700914774115, -14.831695782759402],
      [-5.780839909045279, -14.762514567145146],
      [-16.110017333401796, -4.900198663846991],
      [-12.842730077031632, -1.2643141605707273],
      [-12.643593994012226, -0.9288798040210235],
      [-12.587946324976048, -0.5427778433356816],
      [-12.684255052910004, -0.16476194943971223],
      [-14.335135131083236, 3.2900460003897365],
      [-4.93497171918308, 7.655959721015603],
      [-4.612402787127461, 7.894513056690649],
      [-0.5736640970412142, 12.388879870455495],
      [-0.37137523416850904, 12.733381136709976],
      [-0.3200845052948662, 13.129577006987398],
      [-0.4334167904464786, 14.693030831669669],
      [26.631255340757704, 15.11100866433908],
      [26.085412451879815, -8.791922977403928],
      [19.181967062029234, -7.590251125159976],
      [18.74488403812351, -7.611351857466362],
      [18.358658621936502, -7.817062184337941],
      [18.09724788662145, -8.167991291355987],
      [13.984686970639045, -17.385688954044333],
      [4.669674850188354, -10.180023759859083],
      [4.352928510118828, -10.015529139457792],
      [3.9985890060368576, -9.97274783588547],
      [3.6517944865825536, -10.057129619256422],
      [-2.3027458101211895, -12.702694861981712],
      [-2.6545149486504984, -12.964062037733731],
      [-4.914945486818064, -15.589272011621963],
      [-5.664131347950585, -14.873948096733002],
      [-5.730700914774115, -14.831695782759402]
    ],
    "interiors": []
  },
  "expensive_areas": [],
  "valuable_areas": [
    {
      "polygon": {
        "exterior": [
          [4.057817977357532, -10.970992259339111],
          [-1.896722319346211, -13.6165575020644],
          [-4.844084356940369, -17.039553292956583],
          [-6.354704053026198, -15.597211077262596],
          [-6.407050619296773, -15.620468331290772],
          [-6.471412614120892, -15.48577754767474],
          [-17.50231474642432, -4.953453718033578],
          [-13.586533509149318, -0.5959157356997896],
          [-15.673321124286375, 3.7711188767468613],
          [-5.356206219245148, 8.562911481561587],
          [-1.3174675291589004, 13.057278295326434],
          [-1.507335451189217, 15.676564833894478],
          [27.654715522955918, 16.12693389076972],
          [27.05862544693297, -9.97636548313733],
          [19.01047730554147, -8.57543702813452],
          [14.379406270943289, -18.955298511879164],
          [4.057817977357532, -10.970992259339111]
        ],
        "interiors": []
      },
      "penalty": 1.0
    }
  ],
  "touring_costs": { "distance": 1.0, "turn": 50.0 },
  "tool_radius": 1.0,
  "original_area": {
    "exterior": [
      [4.057817977357532, -10.970992259339111],
      [-1.896722319346211, -13.6165575020644],
      [-4.844084356940369, -17.039553292956583],
      [-6.354704053026198, -15.597211077262596],
      [-6.407050619296773, -15.620468331290772],
      [-6.471412614120892, -15.48577754767474],
      [-17.50231474642432, -4.953453718033578],
      [-13.586533509149318, -0.5959157356997896],
      [-15.673321124286375, 3.7711188767468613],
      [-5.356206219245148, 8.562911481561587],
      [-1.3174675291589004, 13.057278295326434],
      [-1.507335451189217, 15.676564833894478],
      [27.654715522955918, 16.12693389076972],
      [27.05862544693297, -9.97636548313733],
      [19.01047730554147, -8.57543702813452],
      [14.379406270943289, -18.955298511879164],
      [4.057817977357532, -10.970992259339111]
    ],
    "interiors": []
  }
}
