{
  "feasible_area": {
    "exterior": [
      [-6.810541524296532, -14.37815420902088],
      [-6.703126382153941, -14.047116541721469],
      [-6.715669355513993, -13.699313977395331],
      [-6.846651189899421, -13.376873736430317],
      [-7.080206848160051, -13.118851054429312],
      [-17.343535566951516, -5.149734246342557],
      [-6.4578536586093715, 5.365717770830923],
      [-6.208427735743624, 5.7555657703336855],
      [-6.161243668780364, 6.2159660500235905],
      [-6.864590305493687, 11.538074234841325],
      [-7.0811091780687025, 12.039189014837707],
      [-16.49203413736856, 23.5750235452723],
      [-1.375934596011378, 39.14023793022049],
      [8.229698519178125, 23.403381449145623],
      [8.496463628204856, 23.114644724260078],
      [8.853906898120707, 22.951039013835477],
      [9.246791719778749, 22.937846720539678],
      [15.620488491394562, 23.994412447029195],
      [15.865511711054067, 22.986501140620103],
      [16.034775429859806, 22.625982889515267],
      [16.33132442394948, 22.360121440658833],
      [16.708119019593923, 22.231088698392476],
      [17.105390695586607, 22.259352302861863],
      [23.773881720333236, 24.11570442674558],
      [23.958188056735853, 13.795176920623923],
      [24.0640838614631, 13.364855173128095],
      [24.345542131237373, 13.022551258160174],
      [38.1101053411801, 2.3573882086124867],
      [31.893079914432416, -4.565441514050236],
      [31.695475470259034, -4.89692748394879],
      [31.638107038902806, -5.278554694299911],
      [31.729518527498794, -5.653487227363284],
      [34.098688707645195, -10.774436763187914],
      [28.279611784311907, -13.56641702415498],
      [27.981531961064718, -13.785272589872203],
      [27.78336978151242, -14.097492208518375],
      [27.712223792856843, -14.46038005341084],
      [27.77782316206699, -14.82431145138539],
      [27.968546884554133, -15.13519887165991],
      [15.539993188165246, -36.66180461728258],
      [-9.681086774323783, -19.77720115094605],
      [-6.810541524296532, -14.37815420902088]
    ],
    "interiors": []
  },
  "expensive_areas": [],
  "valuable_areas": [
    {
      "polygon": {
        "exterior": [
          [-7.693501246658, -13.908705459222396],
          [-18.868068126816134, -5.232043999016939],
          [-7.152623858178901, 6.084949562251545],
          [-7.855970494892223, 11.40705774706928],
          [-17.82979619825846, 23.632891386910366],
          [-1.1945252785390057, 40.762413292260284],
          [9.083253781306885, 23.92438376631159],
          [16.37287552945633, 25.132782090572434],
          [16.837211275082915, 23.222721286387024],
          [24.750648086628644, 25.42563723511032],
          [24.95802863670703, 13.813032301966771],
          [39.57259324265816, 2.4892647371501657],
          [32.63709620042295, -5.233602996164289],
          [35.420297323071225, -11.249478350568568],
          [28.71219467529936, -14.46801119140815],
          [29.33044152134403, -14.776339366309902],
          [15.871693674940957, -38.0872704526394],
          [-10.988208415874915, -20.105534673578326],
          [-7.693501246658, -13.908705459222396]
        ],
        "interiors": []
      },
      "penalty": 1.0
    }
  ],
  "touring_costs": { "distance": 1.0, "turn": 1.0 },
  "tool_radius": 1.0,
  "original_area": {
    "exterior": [
      [-7.693501246658, -13.908705459222396],
      [-18.868068126816134, -5.232043999016939],
      [-7.152623858178901, 6.084949562251545],
      [-7.855970494892223, 11.40705774706928],
      [-17.82979619825846, 23.632891386910366],
      [-1.1945252785390057, 40.762413292260284],
      [9.083253781306885, 23.92438376631159],
      [16.37287552945633, 25.132782090572434],
      [16.837211275082915, 23.222721286387024],
      [24.750648086628644, 25.42563723511032],
      [24.95802863670703, 13.813032301966771],
      [39.57259324265816, 2.4892647371501657],
      [32.63709620042295, -5.233602996164289],
      [35.420297323071225, -11.249478350568568],
      [28.71219467529936, -14.46801119140815],
      [29.33044152134403, -14.776339366309902],
      [15.871693674940957, -38.0872704526394],
      [-10.988208415874915, -20.105534673578326],
      [-7.693501246658, -13.908705459222396]
    ],
    "interiors": []
  }
}
