{
  "feasible_area": {
    "exterior": [
      [22.603345561104188, 3.790330206046749],
      [22.863471209751346, 3.601793954146627],
      [22.868006541625867, 3.599513854126001],
      [23.01850203885399, 3.3725889744069715],
      [24.72789129863481, 1.6525570996712942],
      [20.449580159116877, -1.5045278432786195],
      [20.121469123357326, -1.9216815872331028],
      [11.552080908326174, -22.309363653923914],
      [-22.53555696969182, -3.3190774605710303],
      [-12.020585850336996, 21.13946074961912],
      [-4.8005150315568725, 17.50963076621525],
      [-4.373841817672904, 17.40332915342211],
      [-3.9428184426012884, 17.49032866187113],
      [-3.59078330363921, 17.75380793100714],
      [2.1005861213267796, 24.420739315424612],
      [22.603345561104188, 3.790330206046749]
    ],
    "interiors": []
  },
  "expensive_areas": [],
  "valuable_areas": [
    {
      "polygon": {
        "exterior": [
          [23.312643310319185, 4.4952392093645805],
          [23.800330727006827, 4.250058455317537],
          [23.727799788068985, 4.077497977724803],
          [26.253798600734072, 1.5357723593682688],
          [21.04334526458735, -2.3091662710992384],
          [12.041155668215547, -23.726538759017593],
          [-23.810759467129593, -3.7533704381039756],
          [-12.51996623036541, 22.50978280027578],
          [-4.351342930989031, 18.4030760214332],
          [2.044758169390592, 25.89553767345166],
          [23.312643310319185, 4.4952392093645805]
        ],
        "interiors": []
      },
      "penalty": 1.0
    }
  ],
  "touring_costs": { "distance": 1.0, "turn": 1.0 },
  "tool_radius": 1.0,
  "original_area": {
    "exterior": [
      [23.312643310319185, 4.4952392093645805],
      [23.800330727006827, 4.250058455317537],
      [23.727799788068985, 4.077497977724803],
      [26.253798600734072, 1.5357723593682688],
      [21.04334526458735, -2.3091662710992384],
      [12.041155668215547, -23.726538759017593],
      [-23.810759467129593, -3.7533704381039756],
      [-12.51996623036541, 22.50978280027578],
      [-4.351342930989031, 18.4030760214332],
      [2.044758169390592, 25.89553767345166],
      [23.312643310319185, 4.4952392093645805]
    ],
    "interiors": []
  }
}
