{
  "feasible_area": {
    "exterior": [
      [-13.422346253746655, -12.040126890308311],
      [-13.387737110770054, -9.900387843421823],
      [-13.415944997594751, -9.64783813104574],
      [-17.17004441798732, 5.783898921047108],
      [-13.831190755493797, 6.728226890448507],
      [-13.457628059604325, 6.92690363590029],
      [-13.199662594356923, 7.2622770929347045],
      [-13.10347573381853, 7.674308189823386],
      [-12.932213591314238, 18.26273257865122],
      [9.001116215987789, 13.311930027477095],
      [9.493451525364117, 13.325135383181628],
      [16.45439527844949, 15.293899079928767],
      [16.61341446455009, 12.339692082216066],
      [16.727503574561002, 11.926836344369805],
      [17.00386215945297, 11.599587023740764],
      [17.39178776388216, 11.417983304825345],
      [19.982915880982716, 10.83311252572961],
      [17.227432859110312, 2.12730818283378],
      [17.182263371067496, 1.7718011158280704],
      [18.147517580659866, -16.160379336569655],
      [-9.718707720931464, -24.845835595560814],
      [-12.656001289363541, -12.771690263494083],
      [-12.822018769255841, -12.415667433600053],
      [-13.112358422121023, -12.151060281373075],
      [-13.422346253746655, -12.040126890308311]
    ],
    "interiors": []
  },
  "expensive_areas": [],
  "valuable_areas": [
    {
      "polygon": {
        "exterior": [
          [17.61196887599818, 12.393442313634711],
          [21.264708921103406, 11.568943940931524],
          [18.180817782515586, 1.8255513472467166],
          [19.187892604125963, -16.88355890652771],
          [-10.4384827861456, -26.117625766310162],
          [-13.627662621474416, -13.008067622140212],
          [-14.436210418745093, -12.889203715676132],
          [-14.387606329705626, -9.884215489691869],
          [-18.369496146550524, 6.483885016695641],
          [-14.103344952754105, 7.690480543553341],
          [-13.912185208915796, 19.50909068250389],
          [9.221297328103809, 14.287389036286461],
          [17.38572466957615, 16.596533992025535],
          [17.61196887599818, 12.393442313634711]
        ],
        "interiors": []
      },
      "penalty": 1.0
    }
  ],
  "touring_costs": { "distance": 1.0, "turn": 1.0 },
  "tool_radius": 1.0,
  "original_area": {
    "exterior": [
      [17.61196887599818, 12.393442313634711],
      [21.264708921103406, 11.568943940931524],
      [18.180817782515586, 1.8255513472467166],
      [19.187892604125963, -16.88355890652771],
      [-10.4384827861456, -26.117625766310162],
      [-13.627662621474416, -13.008067622140212],
      [-14.436210418745093, -12.889203715676132],
      [-14.387606329705626, -9.884215489691869],
      [-18.369496146550524, 6.483885016695641],
      [-14.103344952754105, 7.690480543553341],
      [-13.912185208915796, 19.50909068250389],
      [9.221297328103809, 14.287389036286461],
      [17.38572466957615, 16.596533992025535],
      [17.61196887599818, 12.393442313634711]
    ],
    "interiors": []
  }
}
