{
  "feasible_area": {
    "exterior": [
      [9.106056620086775, 2.175209227582799],
      [8.949604350995067, 1.8012204309382303],
      [8.954473986691912, 1.3958548932222432],
      [9.119865227227315, 1.0257323863765335],
      [11.236997464391624, -1.9127179557483103],
      [-0.6125706007638813, -12.155984352983488],
      [-6.630791512151762, -5.1499370321450995],
      [-6.775369925404442, -5.012220394524764],
      [-15.569139520231957, 1.8280870717151254],
      [-5.36928508966214, 15.10136148223965],
      [-1.0263323019111847, 12.417586899506636],
      [-0.6429595300305315, 12.278443885162922],
      [-0.2359150118020394, 12.303943313396614],
      [0.1270953153255825, 12.489843725065892],
      [0.5906933675806498, 12.863702414450538],
      [2.351508476780496, 10.419798500835277],
      [2.637167132549031, 10.153687855107236],
      [11.021226742607455, 4.972667664177275],
      [9.106056620086775, 2.175209227582799]
    ],
    "interiors": []
  },
  "expensive_areas": [],
  "valuable_areas": [
    {
      "polygon": {
        "exterior": [
          [9.93120994305869, 1.6103003910539249],
          [12.58335249389347, -2.07071161616133],
          [-0.7174877355714693, -13.568518880386204],
          [-7.389350184277047, -5.8015417750249565],
          [-16.967807141308963, 1.6491413400729624],
          [-5.611894909933962, 16.426816870139493],
          [-0.5006462418483453, 13.26826554991207],
          [0.78483333767787, 14.304912939810897],
          [3.1628531926118706, 11.00436650551267],
          [12.438365974705265, 5.272463198479773],
          [9.93120994305869, 1.6103003910539249]
        ],
        "interiors": []
      },
      "penalty": 1.0
    }
  ],
  "touring_costs": { "distance": 1.0, "turn": 1.0 },
  "tool_radius": 1.0,
  "original_area": {
    "exterior": [
      [9.93120994305869, 1.6103003910539249],
      [12.58335249389347, -2.07071161616133],
      [-0.7174877355714693, -13.568518880386204],
      [-7.389350184277047, -5.8015417750249565],
      [-16.967807141308963, 1.6491413400729624],
      [-5.611894909933962, 16.426816870139493],
      [-0.5006462418483453, 13.26826554991207],
      [0.78483333767787, 14.304912939810897],
      [3.1628531926118706, 11.00436650551267],
      [12.438365974705265, 5.272463198479773],
      [9.93120994305869, 1.6103003910539249]
    ],
    "interiors": []
  }
}
