{
  "feasible_area": {
    "exterior": [
      [12.479784266064858, -7.309478864706285],
      [-3.417859728885265, -14.487458928317388],
      [-5.054507797218872, -12.008034854619549],
      [-5.345854460359127, -11.71934497536207],
      [-5.728585408491185, -11.571894150167378],
      [-6.138315833304592, -11.590487253482426],
      [-10.610120227567398, -12.741329460651833],
      [-12.30455522398692, -1.195781954885714],
      [-12.459382652417066, -0.7900917097675756],
      [-13.749811806641656, 1.1648313871958798],
      [-13.321435143745614, 1.4146164354698851],
      [-13.027072323474785, 1.6759345684661608],
      [-12.856361545187236, 2.0306097251474733],
      [-12.835752162700574, 2.4236897296554276],
      [-13.589794685755953, 7.5615874889083585],
      [-3.9624266276615376, 7.061033401784372],
      [-3.4067853909550907, 7.19581667728053],
      [6.294993732613892, 12.852892742865626],
      [8.004617101508444, 7.105246124785373],
      [8.19764464156648, 6.746876491756555],
      [8.517501612555687, 6.495122756515792],
      [8.911191416696226, 6.391697598967681],
      [15.58680518779996, 6.044613563432372],
      [17.924690555842734, -5.397746931578626],
      [13.169720331069163, -6.621463343576417],
      [12.810672266912354, -6.7961856676999615],
      [12.548610755681823, -7.097461566592408],
      [12.479784266064858, -7.309478864706285]
    ],
    "interiors": []
  },
  "expensive_areas": [],
  "valuable_areas": [
    {
      "polygon": {
        "exterior": [
          [13.418954272620624, -7.589906652386346],
          [13.52194043509527, -7.936139676119057],
          [-3.782993695840287, -15.749528391668065],
          [-5.889081891753131, -12.558930562292355],
          [-11.438019632282028, -13.986978659599314],
          [-13.293956746951325, -1.340987417440382],
          [-15.166760144256042, 1.4961978751242428],
          [-13.82515368566498, 2.2784842671007595],
          [-14.756367380276043, 8.62359161667187],
          [-3.9105039328744566, 8.059684508911404],
          [6.890660313205541, 14.357808487895038],
          [8.963114111483307, 7.390348706094714],
          [16.41163258513928, 7.003079169653516],
          [19.094799178030687, -6.12919833364286],
          [13.418954272620624, -7.589906652386346]
        ],
        "interiors": []
      },
      "penalty": 1.0
    }
  ],
  "touring_costs": { "distance": 1.0, "turn": 50.0 },
  "tool_radius": 1.0,
  "original_area": {
    "exterior": [
      [13.418954272620624, -7.589906652386346],
      [13.52194043509527, -7.936139676119057],
      [-3.782993695840287, -15.749528391668065],
      [-5.889081891753131, -12.558930562292355],
      [-11.438019632282028, -13.986978659599314],
      [-13.293956746951325, -1.340987417440382],
      [-15.166760144256042, 1.4961978751242428],
      [-13.82515368566498, 2.2784842671007595],
      [-14.756367380276043, 8.62359161667187],
      [-3.9105039328744566, 8.059684508911404],
      [6.890660313205541, 14.357808487895038],
      [8.963114111483307, 7.390348706094714],
      [16.41163258513928, 7.003079169653516],
      [19.094799178030687, -6.12919833364286],
      [13.418954272620624, -7.589906652386346]
    ],
    "interiors": []
  }
}
