{
  "feasible_area": {
    "exterior": [
      [-13.493763641615052, -8.261891480268876],
      [-13.212619364842979, -8.050438931529612],
      [-13.02209806394972, -7.754709462866166],
      [-12.945777566253158, -7.411300863146572],
      [-12.993102860355968, -7.0627114179992665],
      [-13.158217238336821, -6.752080564872892],
      [-19.069541425587012, 0.7805903533051133],
      [-0.09639106815290549, 11.669505988554315],
      [0.15893218434019285, 11.878896526636472],
      [0.33214330215876986, 12.160023311852733],
      [0.4043563218049997, 12.482233864900834],
      [1.0259624736148143, 23.852910276712166],
      [30.0174455586339, 13.037376969937934],
      [27.781096449037964, -8.167590893537936],
      [15.377368567289631, -7.980677202962701],
      [14.95290028111984, -8.068209063912294],
      [14.605331864680343, -8.327113193927556],
      [14.399948884527712, -8.708758296226593],
      [13.132659716747012, -13.195713409297376],
      [13.14214137965112, -13.770895896270105],
      [16.270352998607564, -23.596228136458965],
      [9.78753194258611, -26.396534884210077],
      [9.431715345902262, -26.655799272968924],
      [9.221723939267712, -27.04274511271115],
      [8.659724152093993, -29.03255760595592],
      [6.065118291519279, -28.258894335288137],
      [5.720422927728583, -28.218937812322807],
      [5.38282542342511, -28.299183327053203],
      [-10.06367003334752, -34.97142139793604],
      [-12.230863135131502, -23.370141268087643],
      [-12.361397572787556, -23.030980315732844],
      [-12.604516019496325, -22.760864022469534],
      [-12.928109970056132, -22.5954664826526],
      [-15.858076213877887, -21.721804975297786],
      [-13.701817785324016, -16.34546442284128],
      [-13.646957982547262, -15.789592491985692],
      [-14.918629158844675, -8.982163316830144],
      [-13.493763641615052, -8.261891480268876]
    ],
    "interiors": []
  },
  "expensive_areas": [],
  "valuable_areas": [
    {
      "polygon": {
        "exterior": [
          [-13.944900886056693, -7.369436895050331],
          [-20.56981755375699, 1.0725492889881783],
          [-0.5941527527921313, 12.536819833310133],
          [0.101667289853971, 25.265047381808255],
          [31.093229032005087, 13.703366757597973],
          [28.67973875203792, -9.18124620641371],
          [15.362301123546512, -8.980563682588787],
          [14.095011955765813, -13.46751879565957],
          [17.49781858989691, -24.155320582103336],
          [10.184076178286512, -27.314550499073345],
          [9.346295736125548, -30.28079003946791],
          [5.779369659125511, -29.21719894191647],
          [-10.816714356038853, -36.38601104582954],
          [-13.213858602449902, -23.553771089280936],
          [-17.19422895049689, -22.366898590173506],
          [-14.629953449865662, -15.973222313178985],
          [-16.039409076317476, -8.428214192029884],
          [-13.944900886056693, -7.369436895050331]
        ],
        "interiors": []
      },
      "penalty": 1.0
    }
  ],
  "touring_costs": { "distance": 1.0, "turn": 1.0 },
  "tool_radius": 1.0,
  "original_area": {
    "exterior": [
      [-13.944900886056693, -7.369436895050331],
      [-20.56981755375699, 1.0725492889881783],
      [-0.5941527527921313, 12.536819833310133],
      [0.101667289853971, 25.265047381808255],
      [31.093229032005087, 13.703366757597973],
      [28.67973875203792, -9.18124620641371],
      [15.362301123546512, -8.980563682588787],
      [14.095011955765813, -13.46751879565957],
      [17.49781858989691, -24.155320582103336],
      [10.184076178286512, -27.314550499073345],
      [9.346295736125548, -30.28079003946791],
      [5.779369659125511, -29.21719894191647],
      [-10.816714356038853, -36.38601104582954],
      [-13.213858602449902, -23.553771089280936],
      [-17.19422895049689, -22.366898590173506],
      [-14.629953449865662, -15.973222313178985],
      [-16.039409076317476, -8.428214192029884],
      [-13.944900886056693, -7.369436895050331]
    ],
    "interiors": []
  }
}
