{
  "feasible_area": {
    "exterior": [
      [-16.496940510726567, -14.968767980511792],
      [-40.71715419806325, 16.45415788309368],
      [-4.081313561661952, 43.022264990361876],
      [4.8275437025389, 24.275393176262586],
      [5.060303460169816, 23.96264831305107],
      [5.394961214508479, 23.76267171017314],
      [5.78065352008984, 23.705857102430695],
      [6.158760370961865, 23.80083954060341],
      [6.471814647537573, 24.033182980698573],
      [6.672236340336307, 24.36757436709075],
      [9.647160590495073, 32.67784930210735],
      [11.557427148803498, 32.400536093666744],
      [11.948454417816748, 32.42123981184763],
      [12.301553234836776, 32.59050940296645],
      [12.562582616076503, 32.882390596584806],
      [18.958511864752893, 43.73379304744432],
      [44.918112137078026, 33.91941890866728],
      [42.25179762057147, 29.332130598800276],
      [42.125581015358804, 28.96507499321784],
      [42.14863610474818, 28.577610269824678],
      [42.31748939861997, 28.228112037826946],
      [42.6067013839008, 27.96923585778944],
      [42.972699253026036, 27.83998413123741],
      [56.17201800550395, 25.923840325777505],
      [36.29184286663277, -21.57539462919383],
      [36.216724222338705, -22.030979530723762],
      [36.35429046061116, -22.4717469788301],
      [36.65039561676607, -22.970808848821765],
      [35.996094633637206, -23.183225345275275],
      [35.627520639939036, -23.398702740162737],
      [35.38241325020381, -23.748273425483013],
      [33.17257332795938, -29.028191984868702],
      [27.425166049229556, -26.257328458025743],
      [27.05850102008254, -26.160397902023686],
      [26.682111378359878, -26.206977016336136],
      [-0.9178203473625648, -35.167197084321856],
      [-15.888710795125991, -15.333513523287628],
      [-16.194792433056623, -15.06541646522106],
      [-16.496940510726567, -14.968767980511792]
    ],
    "interiors": []
  },
  "expensive_areas": [],
  "valuable_areas": [
    {
      "polygon": {
        "exterior": [
          [-16.686859838029967, -15.93597356786442],
          [-16.95012167229889, -16.01886732526938],
          [-42.13777900157086, 16.659204765788388],
          [-3.6944792493937246, 44.538071133545],
          [5.73074476508015, 24.704610883987183],
          [8.98135096223098, 33.78498703216996],
          [11.701091134155789, 33.39016261883303],
          [18.524560436309326, 44.966934129255336],
          [46.37582773477874, 34.43738996683353],
          [43.11636323837833, 28.8296106564037],
          [57.592678109373665, 26.728085449980643],
          [37.21430616578664, -21.96147941484869],
          [38.14842189281032, -23.535857745745375],
          [36.30487654935768, -24.134358211137872],
          [33.687989534948244, -30.38682481567026],
          [26.99089329408035, -27.158109882198733],
          [-1.286718155792439, -36.33833627209647],
          [-16.686859838029967, -15.93597356786442]
        ],
        "interiors": []
      },
      "penalty": 1.0
    }
  ],
  "touring_costs": { "distance": 1.0, "turn": 1.0 },
  "tool_radius": 1.0,
  "original_area": {
    "exterior": [
      [-16.686859838029967, -15.93597356786442],
      [-16.95012167229889, -16.01886732526938],
      [-42.13777900157086, 16.659204765788388],
      [-3.6944792493937246, 44.538071133545],
      [5.73074476508015, 24.704610883987183],
      [8.98135096223098, 33.78498703216996],
      [11.701091134155789, 33.39016261883303],
      [18.524560436309326, 44.966934129255336],
      [46.37582773477874, 34.43738996683353],
      [43.11636323837833, 28.8296106564037],
      [57.592678109373665, 26.728085449980643],
      [37.21430616578664, -21.96147941484869],
      [38.14842189281032, -23.535857745745375],
      [36.30487654935768, -24.134358211137872],
      [33.687989534948244, -30.38682481567026],
      [26.99089329408035, -27.158109882198733],
      [-1.286718155792439, -36.33833627209647],
      [-16.686859838029967, -15.93597356786442]
    ],
    "interiors": []
  }
}
