{
  "feasible_area": {
    "exterior": [
      [-25.4239055717126, 1.748341610298778],
      [-25.041111169844857, 1.803773754265265],
      [-24.707986278701433, 2.0003242149278817],
      [-24.474367806667946, 2.3085882027868965],
      [-24.375206076273454, 2.6824481069103188],
      [-24.425336106468556, 3.065972886759864],
      [-26.852171169429344, 10.278110473483363],
      [17.638007245145978, 20.88122462339109],
      [16.45446836691405, -16.419376348025374],
      [3.5263101047444354, -17.591054440769007],
      [3.1573783747522586, -17.698635491557305],
      [2.856262055915262, -17.937410001113467],
      [2.667431302168913, -18.272114722208517],
      [2.6187734519320816, -18.653319021100934],
      [2.8813746467755226, -22.602633711838724],
      [-31.605973565369386, -23.717541113411293],
      [-29.607039398623005, 1.9610710225532406],
      [-25.4239055717126, 1.748341610298778]
    ],
    "interiors": []
  },
  "expensive_areas": [],
  "valuable_areas": [
    {
      "polygon": {
        "exterior": [
          [-25.37311712465167, 2.7470510443411023],
          [-28.149172035661575, 10.99701012564616],
          [18.679000902724933, 22.157326419964882],
          [17.42590535884728, -17.335433573746894],
          [3.6165701058421442, -18.586972676470033],
          [3.947818039304927, -23.56868013092786],
          [-32.689610877824805, -24.753095367003105],
          [-30.528472099301972, 3.009221866289316],
          [-25.37311712465167, 2.7470510443411023]
        ],
        "interiors": []
      },
      "penalty": 1.0
    }
  ],
  "touring_costs": { "distance": 1.0, "turn": 50.0 },
  "tool_radius": 1.0,
  "original_area": {
    "exterior": [
      [-25.37311712465167, 2.7470510443411023],
      [-28.149172035661575, 10.99701012564616],
      [18.679000902724933, 22.157326419964882],
      [17.42590535884728, -17.335433573746894],
      [3.6165701058421442, -18.586972676470033],
      [3.947818039304927, -23.56868013092786],
      [-32.689610877824805, -24.753095367003105],
      [-30.528472099301972, 3.009221866289316],
      [-25.37311712465167, 2.7470510443411023]
    ],
    "interiors": []
  }
}
