{
  "feasible_area": {
    "exterior": [
      [0.417509047412569, 11.327109206403373],
      [0.6399207465945815, 11.061262811585138],
      [0.939723749535359, 10.887310435922787],
      [1.2808993428404334, 10.826150938673267],
      [10.483381654480901, 10.796789448482485],
      [14.082626430589533, -9.143311181003169],
      [13.832590796016062, -9.172497510439252],
      [13.458942805842952, -9.293800483918801],
      [13.160851801347789, -9.549669561719236],
      [12.984321342119145, -9.900617177325758],
      [12.956594885282055, -10.292482556667492],
      [13.081951378171564, -10.66479020045932],
      [14.54987755670465, -13.213855055576815],
      [-6.892416623853966, -25.954591901985136],
      [-23.72802566111293, -2.689795732720009],
      [-11.830800482032203, 4.968640210995764],
      [-11.545268588442124, 5.246994655139532],
      [-11.391205954863125, 5.6147912888468365],
      [-11.39311002809932, 6.013546894872424],
      [-12.405364637476936, 10.869818407079942],
      [-3.007252170099278, 10.839832738248639],
      [-2.462793008541883, 10.998977880163066],
      [-0.22359272456691567, 12.440387257714875],
      [0.417509047412569, 11.327109206403373]
    ],
    "interiors": []
  },
  "expensive_areas": [],
  "valuable_areas": [
    {
      "polygon": {
        "exterior": [
          [1.2840899320475803, 11.826145848730569],
          [11.319519503180436, 11.794126752476465],
          [15.255796376832393, -10.013158344425838],
          [13.948532262806575, -10.165753558132124],
          [15.90873044670051, -13.5696524548889],
          [-7.166973312892916, -27.280940373567926],
          [-25.157247194740517, -2.4205356228894335],
          [-12.37206905438245, 5.809489979138637],
          [-13.636120189061522, 11.873750352415538],
          [-3.0040615808921314, 11.83982764830594],
          [0.11863888655795574, 13.849960359202957],
          [1.2840899320475803, 11.826145848730569]
        ],
        "interiors": []
      },
      "penalty": 1.0
    }
  ],
  "touring_costs": { "distance": 1.0, "turn": 5.0 },
  "tool_radius": 1.0,
  "original_area": {
    "exterior": [
      [1.2840899320475803, 11.826145848730569],
      [11.319519503180436, 11.794126752476465],
      [15.255796376832393, -10.013158344425838],
      [13.948532262806575, -10.165753558132124],
      [15.90873044670051, -13.5696524548889],
      [-7.166973312892916, -27.280940373567926],
      [-25.157247194740517, -2.4205356228894335],
      [-12.37206905438245, 5.809489979138637],
      [-13.636120189061522, 11.873750352415538],
      [-3.0040615808921314, 11.83982764830594],
      [0.11863888655795574, 13.849960359202957],
      [1.2840899320475803, 11.826145848730569]
    ],
    "interiors": []
  }
}
