{
  "feasible_area": {
    "exterior": [
      [15.609665908672694, -2.496667949987689],
      [15.206279100945094, -2.503449817756902],
      [14.838401161496469, -2.669078112580376],
      [14.565910445927495, -2.966594028638334],
      [14.433159426118321, -3.347571819485416],
      [14.461755575412964, -3.7500009071823865],
      [15.752506574230289, -8.341314018614616],
      [-9.52809410820974, -11.78268714913849],
      [-11.81676593136412, -1.7660234992602881],
      [-11.975154797814536, -1.4114066396938063],
      [-12.256702781605206, -1.1438792898253312],
      [-20.101457408563807, 3.8230027343238446],
      [-19.5657413652401, 5.365391036040075],
      [-19.51300084833369, 5.765792403770221],
      [-19.622936300443698, 6.154401479543158],
      [-19.877616939598425, 6.46783502823166],
      [-20.235503636013554, 6.654971154975784],
      [-29.23700902911238, 9.228440314123338],
      [-22.93586628390611, 35.35689087958175],
      [3.2252890671432843, 29.947748447893726],
      [2.0652165997024348, 26.476996803563463],
      [2.014643766394512, 26.11521936045489],
      [2.097377642176447, 25.759416556068718],
      [2.3023781748305825, 25.457066905130464],
      [2.6022899846680203, 25.248516105249486],
      [2.957092680887488, 25.1615932856544],
      [20.459208956599305, 24.170293267031468],
      [17.629854832872635, -2.8774549492426034],
      [15.609665908672694, -2.496667949987689]
    ],
    "interiors": []
  },
  "expensive_areas": [],
  "valuable_areas": [
    {
      "polygon": {
        "exterior": [
          [15.424436883729479, -3.4793633291966204],
          [17.026248517326362, -9.17714606352468],
          [-10.299284863368998, -12.896889812290777],
          [-12.791642432274882, -1.9887695608909917],
          [-21.306214199770647, 3.402205105157793],
          [-20.510383797358685, 5.693492659689032],
          [-30.433973496896094, 8.53057944956899],
          [-23.68111318683698, 36.5321315364595],
          [4.530762048280835, 30.6989774053044],
          [3.0136409172504233, 26.159993153925747],
          [21.562899720207895, 25.109384170009285],
          [18.51147997801496, -4.061242510080216],
          [15.424436883729479, -3.4793633291966204]
        ],
        "interiors": []
      },
      "penalty": 1.0
    }
  ],
  "touring_costs": { "distance": 1.0, "turn": 1.0 },
  "tool_radius": 1.0,
  "original_area": {
    "exterior": [
      [15.424436883729479, -3.4793633291966204],
      [17.026248517326362, -9.17714606352468],
      [-10.299284863368998, -12.896889812290777],
      [-12.791642432274882, -1.9887695608909917],
      [-21.306214199770647, 3.402205105157793],
      [-20.510383797358685, 5.693492659689032],
      [-30.433973496896094, 8.53057944956899],
      [-23.68111318683698, 36.5321315364595],
      [4.530762048280835, 30.6989774053044],
      [3.0136409172504233, 26.159993153925747],
      [21.562899720207895, 25.109384170009285],
      [18.51147997801496, -4.061242510080216],
      [15.424436883729479, -3.4793633291966204]
    ],
    "interiors": []
  }
}
