{
  "feasible_area": {
    "exterior": [
      [-19.089588085976963, 8.830064497484306],
      [-19.0180207547466, 8.943186720323407],
      [-8.600132554216755, 39.307976099674555],
      [22.335679158029077, 22.13353886519329],
      [16.183608592286802, 7.2374470635447],
      [16.109816036739783, 6.917845120388626],
      [16.143406412655626, 6.591559310140729],
      [21.216056477023358, -11.92906916842478],
      [-14.772954769140382, -14.592479717159945],
      [-17.095808193481616, -1.6980702373185799],
      [-17.241606856353922, -1.330243603793597],
      [-17.518653849360525, -1.047757062359012],
      [-17.883576445541284, -0.8948349213121025],
      [-22.103381627747414, -0.049646689349371054],
      [-19.098953605326162, 8.707293522545198],
      [-19.089588085976963, 8.830064497484306]
    ],
    "interiors": []
  },
  "expensive_areas": [],
  "valuable_areas": [
    {
      "polygon": {
        "exterior": [
          [17.107884533582418, 6.855722052126659],
          [22.501472545217382, -12.836675109589825],
          [-15.597422686807052, -15.656230188834916],
          [-18.079966760130752, -1.8753607212457144],
          [-23.420028262690543, -0.805795434451797],
          [-20.044831646294696, 9.031815835512315],
          [-20.080680743465273, 9.230818034082436],
          [-19.963898795715135, 9.267709033290524],
          [-9.158568304324135, 40.761767927940745],
          [23.60007840347136, 22.575359017685045],
          [17.107884533582418, 6.855722052126659]
        ],
        "interiors": []
      },
      "penalty": 1.0
    }
  ],
  "touring_costs": { "distance": 1.0, "turn": 50.0 },
  "tool_radius": 1.0,
  "original_area": {
    "exterior": [
      [17.107884533582418, 6.855722052126659],
      [22.501472545217382, -12.836675109589825],
      [-15.597422686807052, -15.656230188834916],
      [-18.079966760130752, -1.8753607212457144],
      [-23.420028262690543, -0.805795434451797],
      [-20.044831646294696, 9.031815835512315],
      [-20.080680743465273, 9.230818034082436],
      [-19.963898795715135, 9.267709033290524],
      [-9.158568304324135, 40.761767927940745],
      [23.60007840347136, 22.575359017685045],
      [17.107884533582418, 6.855722052126659]
    ],
    "interiors": []
  }
}
