{
  "feasible_area": {
    "exterior": [
      [22.906993536064544, -14.68722717572241],
      [22.441698979485864, -14.83109700717943],
      [-2.14257245722037, -29.76432929861373],
      [-39.73750017460466, 5.828284221862695],
      [-8.860418134889901, 34.30385665263389],
      [10.150617565031572, 16.99730475905156],
      [10.536123763656096, 16.779055375754634],
      [10.978085188310693, 16.748758154682427],
      [35.18797279437303, 20.529329388282004],
      [43.66221072245751, -13.567661761798494],
      [22.906993536064544, -14.68722717572241]
    ],
    "interiors": []
  },
  "expensive_areas": [],
  "valuable_areas": [
    {
      "polygon": {
        "exterior": [
          [22.960856628141144, -15.685775505705466],
          [-2.275786555595303, -31.015278187492903],
          [-41.202161038537206, 5.83786894820489],
          [-8.864798070573814, 35.66014685095474],
          [10.823796897118214, 17.736784026408923],
          [35.93774989090257, 21.658532437438232],
          [44.92460307734278, -14.501020334806007],
          [22.960856628141144, -15.685775505705466]
        ],
        "interiors": []
      },
      "penalty": 1.0
    }
  ],
  "touring_costs": { "distance": 1.0, "turn": 5.0 },
  "tool_radius": 1.0,
  "original_area": {
    "exterior": [
      [22.960856628141144, -15.685775505705466],
      [-2.275786555595303, -31.015278187492903],
      [-41.202161038537206, 5.83786894820489],
      [-8.864798070573814, 35.66014685095474],
      [10.823796897118214, 17.736784026408923],
      [35.93774989090257, 21.658532437438232],
      [44.92460307734278, -14.501020334806007],
      [22.960856628141144, -15.685775505705466]
    ],
    "interiors": []
  }
}
