{
  "feasible_area": {
    "exterior": [
      [-29.572454700437056, -41.67619346141775],
      [-29.65055086031059, -41.608109195857736],
      [-46.123954597379274, -31.434707828058237],
      [-32.26515366748563, -19.075219638521286],
      [-32.0129170032918, -18.72589345694519],
      [-31.931075489481305, -18.302863809620828],
      [-32.500814132218984, 3.575863910884872],
      [-28.659150835647655, 2.9456741909179804],
      [-28.257122675114456, 2.961749505735404],
      [-27.893971350524808, 3.134972405656208],
      [-27.6284856349804, 3.437300691547656],
      [-27.503643698836285, 3.8197919314316264],
      [-27.539655586117078, 4.220526508904875],
      [-27.73069151037574, 4.574631483807554],
      [-29.69177338550279, 6.915733322871265],
      [-21.691320499450985, 11.981924969389151],
      [-21.385661541790867, 12.285207241956698],
      [-21.23586609936238, 12.688901260588706],
      [-21.269707375938115, 13.1181591122948],
      [-23.81379661506111, 21.470504498284267],
      [-1.6694443193106259, 28.136450293668695],
      [0.705479898476512, 19.34100932315632],
      [0.8624469227939093, 19.013136862323073],
      [1.1262427464987765, 18.763035361544333],
      [1.4620096539559038, 18.623752982355203],
      [1.825379742688759, 18.613694358682725],
      [2.168337653524857, 18.734188626973157],
      [8.775955332765482, 22.52305045341644],
      [20.727572589451626, 2.1347936603156543],
      [0.36872905629518626, -11.400074394399871],
      [0.1100382969151863, -11.649627910377088],
      [-0.04370205606763511, -11.974530619183746],
      [-0.07262907707982158, -12.332805784078758],
      [1.3984699499542104, -26.97447015608395],
      [-4.827047646138515, -27.55887996675952],
      [-5.16907849399989, -27.654310775141333],
      [-5.456197067812836, -27.86324871963393],
      [-5.652199972149382, -28.159348367672916],
      [-5.7323727813403895, -28.505273880960956],
      [-5.6866063342989674, -28.85740677122027],
      [-3.882772876067139, -34.53277368906469],
      [-14.43086272854933, -37.35285056584549],
      [-14.733787926756321, -37.4912451018525],
      [-14.974465776020427, -37.72144261743193],
      [-21.582726626969055, -46.59051692413744],
      [-29.493968784025533, -41.70480884181292],
      [-29.572454700437056, -41.67619346141775]
    ],
    "interiors": []
  },
  "expensive_areas": [],
  "valuable_areas": [
    {
      "polygon": {
        "exterior": [
          [-22.2263151593481, 12.826780409024577],
          [-25.062738425399335, 22.138869943699447],
          [-0.9722832013151486, 29.390636288687435],
          [1.670904695091369, 19.60169104879347],
          [9.137758600172901, 23.883245929529803],
          [22.068189411353128, 1.8252316740714525],
          [0.922361359070224, -12.23283562868255],
          [2.4940863358265375, -27.87601747563189],
          [-4.733585258538796, -28.554502777920533],
          [-2.612426714808178, -35.22826357975872],
          [-14.172579958400396, -38.31891992704281],
          [-21.328410387274506, -47.922897922366374],
          [-30.019411267187998, -42.555637965014554],
          [-30.171202749085886, -42.59622006605646],
          [-30.175993343473056, -42.45893831905937],
          [-47.79035031616849, -31.58092390387845],
          [-32.930736601301675, -18.32889574220493],
          [-33.53194667591603, 4.758377155604876],
          [-28.49727353596566, 3.9324850845788006],
          [-31.19198323888056, 7.149377719838201],
          [-22.2263151593481, 12.826780409024577]
        ],
        "interiors": []
      },
      "penalty": 1.0
    }
  ],
  "touring_costs": { "distance": 1.0, "turn": 5.0 },
  "tool_radius": 1.0,
  "original_area": {
    "exterior": [
      [-22.2263151593481, 12.826780409024577],
      [-25.062738425399335, 22.138869943699447],
      [-0.9722832013151486, 29.390636288687435],
      [1.670904695091369, 19.60169104879347],
      [9.137758600172901, 23.883245929529803],
      [22.068189411353128, 1.8252316740714525],
      [0.922361359070224, -12.23283562868255],
      [2.4940863358265375, -27.87601747563189],
      [-4.733585258538796, -28.554502777920533],
      [-2.612426714808178, -35.22826357975872],
      [-14.172579958400396, -38.31891992704281],
      [-21.328410387274506, -47.922897922366374],
      [-30.019411267187998, -42.555637965014554],
      [-30.171202749085886, -42.59622006605646],
      [-30.175993343473056, -42.45893831905937],
      [-47.79035031616849, -31.58092390387845],
      [-32.930736601301675, -18.32889574220493],
      [-33.53194667591603, 4.758377155604876],
      [-28.49727353596566, 3.9324850845788006],
      [-31.19198323888056, 7.149377719838201],
      [-22.2263151593481, 12.826780409024577]
    ],
    "interiors": []
  }
}
