{
  "feasible_area": {
    "exterior": [
      [3.1916450882531917, -13.064997883663008],
      [2.8812111047342457, -12.96504259649717],
      [2.555124018622827, -12.970289483880197],
      [2.2480665559486055, -13.080180485203853],
      [-2.7169962253353623, -15.84101052218581],
      [-8.870143501148144, -6.98871058599023],
      [-9.233660454241734, -6.670308241957028],
      [-11.614728223429278, -5.444890537116731],
      [-11.197787284042162, -4.969033937864855],
      [-10.988093237092466, -4.583681004507625],
      [-10.963520547932108, -4.145657421214907],
      [-11.128798684609086, -3.7392689197661713],
      [-18.70604970325451, 7.16183513353029],
      [2.9615444610085393, 17.502289761137828],
      [4.176101128626663, 14.737421265350148],
      [4.406184382352436, 14.411511851864208],
      [4.745364417887064, 14.201482918289532],
      [5.139658952068683, 14.140761671939611],
      [5.526313939955295, 14.239012217923804],
      [5.843791210501121, 14.480597466088009],
      [10.872691904033687, 20.220104806186242],
      [28.38490795127384, 6.418779600415904],
      [9.424511803422195, -16.27274582075093],
      [3.1916450882531917, -13.064997883663008]
    ],
    "interiors": [
      [
        [-1.202571240974072, -5.550251485664342],
        [-0.8739897830573156, -5.331446422857497],
        [-0.6556894105243966, -5.002529446481091],
        [-0.5816903655996373, -4.614759448483784],
        [-0.6635247652624956, -4.228567059863257],
        [-2.038061221623372, -1.044282140142526],
        [-2.257702690540818, -0.7249611848900185],
        [-2.582260548196327, -0.513134736197572],
        [-2.96298352763377, -0.4406208736617533],
        [-3.342683897392989, -0.5183117774813112],
        [-6.568589009670996, -1.8702126610431709],
        [-6.892049854495929, -2.088265815527186],
        [-7.107471783855061, -2.413484954980069],
        [-7.182073160321677, -2.796380150751145],
        [-7.104501586848092, -3.1786846724404874],
        [-5.7761709405360815, -6.35145545420658],
        [-5.559534643270205, -6.673695863399179],
        [-5.236487084882757, -6.889126691345393],
        [-4.8557341995746635, -6.965267396222908],
        [-4.474682163300944, -6.890638231271564],
        [-1.202571240974072, -5.550251485664342]
      ]
    ]
  },
  "expensive_areas": [],
  "valuable_areas": [
    {
      "polygon": {
        "exterior": [
          [2.7340405908416536, -13.95415373274051],
          [-3.0217367557904993, -17.154661699057304],
          [-9.691264951653272, -7.55946409103453],
          [-13.21023432164365, -5.748424764653532],
          [-11.949920135114214, -4.310022424810472],
          [-20.198882474081493, 7.557447264069051],
          [3.4620984598203295, 18.849208496851965],
          [5.0916583594290685, 15.139608979142391],
          [10.746123575322946, 21.593075967005248],
          [29.81209818703082, 6.567238273402198],
          [9.678637326835748, -17.528193876993544],
          [2.7340405908416536, -13.95415373274051]
        ],
        "interiors": [
          [
            [-1.5816391249957045, -4.624882619047703],
            [-2.9561755813565807, -1.4405976993269718],
            [-6.182080693634587, -2.7924985828888316],
            [-4.853750047322577, -5.965269364654925],
            [-1.5816391249957045, -4.624882619047703]
          ]
        ]
      },
      "penalty": 1.0
    }
  ],
  "touring_costs": { "distance": 1.0, "turn": 1.0 },
  "tool_radius": 1.0,
  "original_area": {
    "exterior": [
      [2.7340405908416536, -13.95415373274051],
      [-3.0217367557904993, -17.154661699057304],
      [-9.691264951653272, -7.55946409103453],
      [-13.21023432164365, -5.748424764653532],
      [-11.949920135114214, -4.310022424810472],
      [-20.198882474081493, 7.557447264069051],
      [3.4620984598203295, 18.849208496851965],
      [5.0916583594290685, 15.139608979142391],
      [10.746123575322946, 21.593075967005248],
      [29.81209818703082, 6.567238273402198],
      [9.678637326835748, -17.528193876993544],
      [2.7340405908416536, -13.95415373274051]
    ],
    "interiors": [
      [
        [-1.5816391249957045, -4.624882619047703],
        [-2.9561755813565807, -1.4405976993269718],
        [-6.182080693634587, -2.7924985828888316],
        [-4.853750047322577, -5.965269364654925],
        [-1.5816391249957045, -4.624882619047703]
      ]
    ]
  }
}
