{
  "feasible_area": {
    "exterior": [
      [-3.5413337292077127, -13.01093300515522],
      [-3.5411076401203903, -12.652609610335555],
      [-3.66721425726721, -12.317210106008027],
      [-3.9034620324589806, -12.047798348454085],
      [-24.08326131046172, 3.9645662475301684],
      [-5.438007526344449, 17.870812019930835],
      [-1.3132135756395695, 14.577065892702727],
      [-0.9083586140362049, 14.382802869953746],
      [-0.4593157383819352, 14.385284354706325],
      [-0.1117178594997301, 14.556825143860728],
      [0.720248682278501, 13.050528373190593],
      [0.9716121049885326, 12.752578214797245],
      [9.076242254796894, 6.2808381745497455],
      [9.4798842658531, 6.086848367133604],
      [19.68207097040231, 3.7821556418066966],
      [17.483537815694625, -5.3842938222233645],
      [17.46753087808357, -5.769213764763848],
      [17.598226055816507, -6.131620104021875],
      [17.856225624955144, -6.417724641807153],
      [18.203237396719743, -6.585063861578979],
      [22.672568911566827, -7.752455943742405],
      [20.089791120762815, -25.334784103911584],
      [-5.1517779825497225, -19.30576221577922],
      [-3.7698102266747227, -14.240712387308049],
      [-3.750839095997928, -14.157272744154636],
      [-3.5413337292077127, -13.01093300515522]
    ],
    "interiors": []
  },
  "expensive_areas": [],
  "valuable_areas": [
    {
      "polygon": {
        "exterior": [
          [-4.52504012341594, -12.831150553303413],
          [-25.722993654341906, 3.9891039967959987],
          [-5.417158115718412, 19.13386645932608],
          [-0.6892221663425273, 15.358497093208243],
          [0.19085937439455053, 16.077334723809788],
          [1.5956035142855747, 13.53400941530276],
          [9.700233664093936, 7.062269375055261],
          [20.89082874898386, 4.53429338019089],
          [18.455959164807883, -5.617524866016317],
          [23.79216690619049, -7.011345540400185],
          [20.920352826569534, -26.561295885594795],
          [-6.388269095098522, -20.038552444939945],
          [-4.7345454902061554, -13.977490292302829],
          [-4.52504012341594, -12.831150553303413]
        ],
        "interiors": []
      },
      "penalty": 1.0
    }
  ],
  "touring_costs": { "distance": 1.0, "turn": 5.0 },
  "tool_radius": 1.0,
  "original_area": {
    "exterior": [
      [-4.52504012341594, -12.831150553303413],
      [-25.722993654341906, 3.9891039967959987],
      [-5.417158115718412, 19.13386645932608],
      [-0.6892221663425273, 15.358497093208243],
      [0.19085937439455053, 16.077334723809788],
      [1.5956035142855747, 13.53400941530276],
      [9.700233664093936, 7.062269375055261],
      [20.89082874898386, 4.53429338019089],
      [18.455959164807883, -5.617524866016317],
      [23.79216690619049, -7.011345540400185],
      [20.920352826569534, -26.561295885594795],
      [-6.388269095098522, -20.038552444939945],
      [-4.7345454902061554, -13.977490292302829],
      [-4.52504012341594, -12.831150553303413]
    ],
    "interiors": []
  }
}
