{
  "feasible_area": {
    "exterior": [
      [-19.317379047695635, 10.830146987419493],
      [-15.937230388649454, 12.065489233750075],
      [-15.768324682470881, 12.145843816037466],
      [2.7844196639547185, 23.209199199039578],
      [5.157800964575835, 20.46249830491664],
      [5.47470203644954, 20.218194161076397],
      [5.862012510802057, 20.117688437313788],
      [6.25771979616696, 20.177073185872295],
      [12.976608301069453, 22.632624007957475],
      [15.66070311266404, 8.51334541838853],
      [15.886453993296351, 8.046288208793642],
      [21.808309386721685, 1.1929581097777775],
      [18.139097876581335, -0.7826389755862356],
      [17.820309172480542, -1.0537246136256169],
      [17.640361774896594, -1.4315242895336828],
      [17.630766931410253, -1.8498801189324718],
      [21.640657039467985, -22.943306217241005],
      [-0.6380891162480256, -23.255174830862863],
      [-5.379596825772815, -14.574601695226935],
      [-5.628676196216878, -14.276189303925543],
      [-5.972720989910014, -14.095292460405064],
      [-6.359749311057585, -14.059242957042066],
      [-6.731284861723189, -14.173487530894095],
      [-7.875393760545974, -14.78950495033331],
      [-27.377090811757974, 5.2233151136352864],
      [-19.768376174653643, 9.760536802584662],
      [-19.48435972046677, 10.01436900803202],
      [-19.315866733261117, 10.355991969838847],
      [-19.287344894216268, 10.7358375166979],
      [-19.317379047695635, 10.830146987419493]
    ],
    "interiors": []
  },
  "expensive_areas": [],
  "valuable_areas": [
    {
      "polygon": {
        "exterior": [
          [16.643109289724755, 8.700102220869587],
          [23.380046245503863, 0.903482792189612],
          [18.61317310847097, -1.663123316451415],
          [22.84547979535203, -23.926538502246675],
          [-1.2267684850685914, -24.2635134219977],
          [-6.257209629833555, -15.053971871759273],
          [-8.065295950277111, -16.02749167427897],
          [-28.97778217459378, 5.433093155771054],
          [-20.280545415994936, 10.619421351417557],
          [-20.700996898680355, 11.38916803728831],
          [-16.280493923812173, 13.004728364870362],
          [2.992667443447828, 24.497682160734243],
          [5.91445626100424, 21.116312316992584],
          [13.739139939321676, 23.975997877309485],
          [16.643109289724755, 8.700102220869587]
        ],
        "interiors": []
      },
      "penalty": 1.0
    }
  ],
  "touring_costs": { "distance": 1.0, "turn": 1.0 },
  "tool_radius": 1.0,
  "original_area": {
    "exterior": [
      [16.643109289724755, 8.700102220869587],
      [23.380046245503863, 0.903482792189612],
      [18.61317310847097, -1.663123316451415],
      [22.84547979535203, -23.926538502246675],
      [-1.2267684850685914, -24.2635134219977],
      [-6.257209629833555, -15.053971871759273],
      [-8.065295950277111, -16.02749167427897],
      [-28.97778217459378, 5.433093155771054],
      [-20.280545415994936, 10.619421351417557],
      [-20.700996898680355, 11.38916803728831],
      [-16.280493923812173, 13.004728364870362],
      [2.992667443447828, 24.497682160734243],
      [5.91445626100424, 21.116312316992584],
      [13.739139939321676, 23.975997877309485],
      [16.643109289724755, 8.700102220869587]
    ],
    "interiors": []
  }
}
