{
  "feasible_area": {
    "exterior": [
      [10.694807412342096, -8.236416955601651],
      [10.371368440131674, -8.12107326163995],
      [10.027979194781484, -8.121946565190552],
      [-9.887364470692937, -11.645067682346124],
      [-14.826687183774517, 8.848933357416582],
      [6.875556761101181, 14.110270008375922],
      [7.34354406364327, 14.371517211741512],
      [8.802862496286421, 15.816448320076917],
      [25.426387524921374, 2.7474050770278535],
      [15.302590924493032, -10.844805768880823],
      [10.694807412342096, -8.236416955601651]
    ],
    "interiors": []
  },
  "expensive_areas": [],
  "valuable_areas": [
    {
      "polygon": {
        "exterior": [
          [10.202179231735485, -9.106656851074286],
          [-10.639187811840092, -12.793596005878078],
          [-16.03284056447005, 9.585489456135475],
          [6.639948843022666, 15.082118200707784],
          [8.726736715692342, 17.14833256918949],
          [26.81033904255802, 2.931409239582245],
          [15.577639651262771, -12.149614660950803],
          [10.202179231735485, -9.106656851074286]
        ],
        "interiors": []
      },
      "penalty": 1.0
    }
  ],
  "touring_costs": { "distance": 1.0, "turn": 5.0 },
  "tool_radius": 1.0,
  "original_area": {
    "exterior": [
      [10.202179231735485, -9.106656851074286],
      [-10.639187811840092, -12.793596005878078],
      [-16.03284056447005, 9.585489456135475],
      [6.639948843022666, 15.082118200707784],
      [8.726736715692342, 17.14833256918949],
      [26.81033904255802, 2.931409239582245],
      [15.577639651262771, -12.149614660950803],
      [10.202179231735485, -9.106656851074286]
    ],
    "interiors": []
  }
}
