{
  "feasible_area": {
    "exterior": [
      [-20.052709549499735, -7.93748962789559],
      [-19.788271205503193, -7.675468239828093],
      [-19.637993531401502, -7.334881296086794],
      [-19.62270243489889, -6.9629283045029124],
      [-19.74451699966074, -6.611155569072303],
      [-22.470357281694092, -1.8568762051697583],
      [13.444177925815826, 16.810123807474504],
      [26.040113097669394, -3.153520876836514],
      [23.152765625781143, -4.389643617215021],
      [22.843307522835477, -4.597774179256939],
      [22.63162792871315, -4.904815540911713],
      [22.54716780196308, -5.26806357645213],
      [22.60167408069235, -5.6369967870928885],
      [22.787565887304424, -5.960302964839479],
      [29.951184450534345, -14.305127392757624],
      [-2.5130435343718, -37.80472813708918],
      [-24.210825445350974, -10.7432016380814],
      [-20.052709549499735, -7.93748962789559]
    ],
    "interiors": []
  },
  "expensive_areas": [],
  "valuable_areas": [
    {
      "polygon": {
        "exterior": [
          [-20.61204322011795, -7.108547021370413],
          [-23.856231409318912, -1.4501901975329368],
          [13.79910991112077, 18.121614166450282],
          [27.51142699513742, -3.6114149678710357],
          [23.546332019378656, -5.308939812045962],
          [31.41762229149368, -14.478123620789145],
          [-2.6977679159551347, -39.172936923753426],
          [-25.67025044740339, -10.521600703150513],
          [-20.61204322011795, -7.108547021370413]
        ],
        "interiors": []
      },
      "penalty": 1.0
    }
  ],
  "touring_costs": { "distance": 1.0, "turn": 5.0 },
  "tool_radius": 1.0,
  "original_area": {
    "exterior": [
      [-20.61204322011795, -7.108547021370413],
      [-23.856231409318912, -1.4501901975329368],
      [13.79910991112077, 18.121614166450282],
      [27.51142699513742, -3.6114149678710357],
      [23.546332019378656, -5.308939812045962],
      [31.41762229149368, -14.478123620789145],
      [-2.6977679159551347, -39.172936923753426],
      [-25.67025044740339, -10.521600703150513],
      [-20.61204322011795, -7.108547021370413]
    ],
    "interiors": []
  }
}
