{
  "feasible_area": {
    "exterior": [
      [-10.592610010665382, -12.757972257713664],
      [-10.971194873145496, -12.580828182722044],
      [-11.38911661686903, -12.573904489574172],
      [-11.773361587771063, -12.738410792615177],
      [-16.64556504639902, -16.18050717982869],
      [-26.9328723863565, 4.919144822240721],
      [-10.740131145833802, 11.64430925954273],
      [-10.49476850964733, 11.790355440334393],
      [-7.123232867413699, 14.517681337779813],
      [-6.881212523451577, 14.803760509472198],
      [-6.761485085333439, 15.158838641619775],
      [-5.645978504241715, 23.265784522095398],
      [-2.528715880779616, 23.060376352575233],
      [-2.2903049494965924, 23.07323087600166],
      [17.617593267723844, 26.562933763299757],
      [20.750450225534138, 6.892347559636178],
      [19.320942175245385, 6.610204919043814],
      [18.973761801195927, 6.470272630927309],
      [18.702357904557037, 6.212483604256537],
      [18.54475831216092, 5.872958014853891],
      [18.52304513145955, 5.4992685780665145],
      [18.640260710355502, 5.143774885511043],
      [19.821014355180473, 3.016776409684901],
      [11.894860950804079, -0.36170537955755],
      [11.480704100519427, -0.6900720533809362],
      [10.73898274869611, -1.701016308738641],
      [10.690512868039603, -1.6435139741130296],
      [10.357247728290812, -1.3858242782483332],
      [9.947433022481468, -1.2882459013965766],
      [9.533798415937527, -1.3680960422597006],
      [8.876247652111772, -1.6483736457516],
      [8.584997528669014, -1.8382107027869168],
      [8.376341593768037, -2.116288827528602],
      [-0.7812750410437922, -20.188611998429124],
      [-10.592610010665382, -12.757972257713664]
    ],
    "interiors": []
  },
  "expensive_areas": [],
  "valuable_areas": [
    {
      "polygon": {
        "exterior": [
          [-11.19635464925091, -13.555150036743681],
          [-17.029044691355665, -17.67580745430537],
          [-28.29708982291653, 5.435374428642962],
          [-11.123686345105465, 12.567827212325282],
          [-7.752150702871835, 15.295153109770702],
          [-6.509672533155921, 24.3248652157283],
          [-2.4629647069719436, 24.058212402807392],
          [18.44539162992949, 27.723287976402005],
          [21.88958417926424, 6.097887469428846],
          [19.514577118714318, 5.629131268053337],
          [21.233900383012895, 2.5319585609069684],
          [12.286971307390944, -1.281623565190012],
          [10.793460006590733, -3.31723527590081],
          [9.925908772524393, -2.288014227892163],
          [9.268358008698637, -2.5682918313840624],
          [-0.4304841224561673, -21.708709733511807],
          [-11.19635464925091, -13.555150036743681]
        ],
        "interiors": []
      },
      "penalty": 1.0
    }
  ],
  "touring_costs": { "distance": 1.0, "turn": 1.0 },
  "tool_radius": 1.0,
  "original_area": {
    "exterior": [
      [-11.19635464925091, -13.555150036743681],
      [-17.029044691355665, -17.67580745430537],
      [-28.29708982291653, 5.435374428642962],
      [-11.123686345105465, 12.567827212325282],
      [-7.752150702871835, 15.295153109770702],
      [-6.509672533155921, 24.3248652157283],
      [-2.4629647069719436, 24.058212402807392],
      [18.44539162992949, 27.723287976402005],
      [21.88958417926424, 6.097887469428846],
      [19.514577118714318, 5.629131268053337],
      [21.233900383012895, 2.5319585609069684],
      [12.286971307390944, -1.281623565190012],
      [10.793460006590733, -3.31723527590081],
      [9.925908772524393, -2.288014227892163],
      [9.268358008698637, -2.5682918313840624],
      [-0.4304841224561673, -21.708709733511807],
      [-11.19635464925091, -13.555150036743681]
    ],
    "interiors": []
  }
}
