{
  "feasible_area": {
    "exterior": [
      [-0.11566069675609247, -33.967205602449496],
      [-0.3681487832793734, -33.654827490680105],
      [-0.7231832029469103, -33.46699543963415],
      [-35.76200520404271, -23.223759485094586],
      [-29.108292252071454, -6.321533342830703],
      [-29.039177271775362, -5.983077003458157],
      [-29.089345604945624, -5.641298255567492],
      [-29.252810685748575, -5.336981411602394],
      [-29.51006629570151, -5.106440470963782],
      [-34.476534520214265, -2.01277258656603],
      [-19.775288353481823, 28.765808950632433],
      [-16.768193154969296, 27.67879405007326],
      [-16.389457771486164, 27.61998833753857],
      [-16.016419297576387, 27.707970719365225],
      [-15.703876563746796, 27.92981670661573],
      [-15.497741660827495, 28.25293743378636],
      [-13.937534604787452, 32.21628431699265],
      [24.065074250636584, 22.075447886098228],
      [24.482292872988854, 22.05442473765701],
      [24.87169504577527, 22.20568378511245],
      [30.295243498204364, 25.766188141254464],
      [32.185439145104986, 23.883080334388218],
      [32.59631451025594, 23.635986581985858],
      [33.07498012844973, 23.60854365715334],
      [68.14635782693121, 30.16504364993822],
      [62.09753699154375, -22.83451068254701],
      [22.49694883254922, -30.988914203497945],
      [22.162603278638123, -31.12416595062585],
      [21.897984537727613, -31.369231057240825],
      [21.73751421153937, -31.692231458067678],
      [20.436958323633135, -36.218993496754884],
      [16.982345740074226, -34.067077181244564],
      [16.58072689474439, -33.923982087689716],
      [16.156003775836847, -33.961186589957464],
      [15.785379962252337, -34.17192788047173],
      [5.0026885904565175, -43.8574106167568],
      [-0.11566069675609247, -33.967205602449496]
    ],
    "interiors": []
  },
  "expensive_areas": [],
  "valuable_areas": [
    {
      "polygon": {
        "exterior": [
          [-1.003778428510861, -34.426821631916226],
          [-37.09359303337923, -23.87633889760246],
          [-30.038789600095775, -5.955234714223248],
          [-35.76432771951849, -2.38873381253049],
          [-20.287220300220532, 30.014193617037193],
          [-16.42823900885182, 28.619236062393817],
          [-14.541365026703652, 33.41240507621094],
          [24.322898481043687, 23.04163972326877],
          [30.425529719008907, 27.047955016160046],
          [32.89121643924065, 24.591514107639146],
          [69.29343066078411, 31.39681041885983],
          [63.00892316084746, -23.66782213682877],
          [22.698633577666847, -31.9683646941236],
          [21.032369601559466, -37.76802358123073],
          [16.45362243567996, -34.915871424504026],
          [4.708914598452278, -45.46547922443826],
          [-1.003778428510861, -34.426821631916226]
        ],
        "interiors": []
      },
      "penalty": 1.0
    }
  ],
  "touring_costs": { "distance": 1.0, "turn": 5.0 },
  "tool_radius": 1.0,
  "original_area": {
    "exterior": [
      [-1.003778428510861, -34.426821631916226],
      [-37.09359303337923, -23.87633889760246],
      [-30.038789600095775, -5.955234714223248],
      [-35.76432771951849, -2.38873381253049],
      [-20.287220300220532, 30.014193617037193],
      [-16.42823900885182, 28.619236062393817],
      [-14.541365026703652, 33.41240507621094],
      [24.322898481043687, 23.04163972326877],
      [30.425529719008907, 27.047955016160046],
      [32.89121643924065, 24.591514107639146],
      [69.29343066078411, 31.39681041885983],
      [63.00892316084746, -23.66782213682877],
      [22.698633577666847, -31.9683646941236],
      [21.032369601559466, -37.76802358123073],
      [16.45362243567996, -34.915871424504026],
      [4.708914598452278, -45.46547922443826],
      [-1.003778428510861, -34.426821631916226]
    ],
    "interiors": []
  }
}
