{
  "feasible_area": {
    "exterior": [
      [4.315654950387193, -11.067619868798035],
      [4.130856315085797, -10.653316576590841],
      [3.7820235852697395, -10.363293335880625],
      [3.34094575309743, -10.257236278080805],
      [3.121943146580817, -10.255669495224533],
      [2.6298097759431784, -10.381118318449454],
      [-6.982925699501363, -15.71198405283476],
      [-8.16776978455694, -13.290498906918318],
      [-8.374943747314557, -13.007215911315754],
      [-8.6672361478721, -12.812959742768742],
      [-9.008645241682153, -12.731656993085515],
      [-30.388332381391, -11.503264008014172],
      [-21.87739167711485, 15.007095512905222],
      [-15.680332633528575, 12.838727454239182],
      [-15.423822594565001, 12.785338302293319],
      [-7.290011409449924, 12.183761017675309],
      [-6.789772528138287, 12.276540273276943],
      [6.141153004181719, 18.373614500097325],
      [7.045178662420398, 16.945914572884917],
      [7.3197581335174045, 16.659444614232292],
      [7.684134680478679, 16.502318374593823],
      [8.080933964595545, 16.499276782462907],
      [25.500922905642454, 19.886814983145907],
      [35.02430627727213, -11.1222471224973],
      [5.088918857300663, -15.072240813544822],
      [4.315654950387193, -11.067619868798035]
    ],
    "interiors": []
  },
  "expensive_areas": [],
  "valuable_areas": [
    {
      "polygon": {
        "exterior": [
          [3.333791761704243, -11.25721068795695],
          [3.1147891551876303, -11.255643905100678],
          [-7.418512423583724, -17.09702137768968],
          [-9.066006717429289, -13.73001046811333],
          [-31.735327938322136, -12.427520165888403],
          [-22.51581781372447, 16.289931465168124],
          [-15.350063977759337, 13.782614425765106],
          [-7.2162527926442595, 13.181037141147096],
          [6.513529244003486, 19.654781034132554],
          [7.890047032127271, 17.480888813263697],
          [26.192828951018157, 21.04009732590049],
          [36.32737630165514, -11.958974111744055],
          [4.285679178626607, -16.186896727570314],
          [3.333791761704243, -11.25721068795695]
        ],
        "interiors": []
      },
      "penalty": 1.0
    }
  ],
  "touring_costs": { "distance": 1.0, "turn": 5.0 },
  "tool_radius": 1.0,
  "original_area": {
    "exterior": [
      [3.333791761704243, -11.25721068795695],
      [3.1147891551876303, -11.255643905100678],
      [-7.418512423583724, -17.09702137768968],
      [-9.066006717429289, -13.73001046811333],
      [-31.735327938322136, -12.427520165888403],
      [-22.51581781372447, 16.289931465168124],
      [-15.350063977759337, 13.782614425765106],
      [-7.2162527926442595, 13.181037141147096],
      [6.513529244003486, 19.654781034132554],
      [7.890047032127271, 17.480888813263697],
      [26.192828951018157, 21.04009732590049],
      [36.32737630165514, -11.958974111744055],
      [4.285679178626607, -16.186896727570314],
      [3.333791761704243, -11.25721068795695]
    ],
    "interiors": []
  }
}
