{
  "feasible_area": {
    "exterior": [
      [-7.155896018475517, -9.112126291373803],
      [-7.121756460513256, -8.685217284227035],
      [-7.269339892087245, -8.28317755916775],
      [-7.571577030998715, -7.979747959979556],
      [-12.055812396235055, -5.095615893895897],
      [-4.057179263347957, 15.728965231598561],
      [18.447808236152973, 1.4146824023455904],
      [9.197817872736195, -9.314940007245193],
      [9.01567764719898, -9.625450941261631],
      [8.955294276234417, -9.980339586351128],
      [9.142248999498223, -24.999038807158847],
      [-10.390887832210193, -19.73506619940855],
      [-7.155896018475517, -9.112126291373803]
    ],
    "interiors": []
  },
  "expensive_areas": [],
  "valuable_areas": [
    {
      "polygon": {
        "exterior": [
          [-8.112521645740896, -8.8208061766218],
          [-13.281041981502316, -5.496561568469003],
          [-4.552251664873791, 17.22899654328931],
          [19.960409162649064, 1.6377343846014436],
          [9.95521680726483, -9.967892420499705],
          [10.158628287869723, -26.308618088891976],
          [-11.64841979955925, -20.43185058466927],
          [-8.112521645740896, -8.8208061766218]
        ],
        "interiors": []
      },
      "penalty": 1.0
    }
  ],
  "touring_costs": { "distance": 1.0, "turn": 5.0 },
  "tool_radius": 1.0,
  "original_area": {
    "exterior": [
      [-8.112521645740896, -8.8208061766218],
      [-13.281041981502316, -5.496561568469003],
      [-4.552251664873791, 17.22899654328931],
      [19.960409162649064, 1.6377343846014436],
      [9.95521680726483, -9.967892420499705],
      [10.158628287869723, -26.308618088891976],
      [-11.64841979955925, -20.43185058466927],
      [-8.112521645740896, -8.8208061766218]
    ],
    "interiors": []
  }
}
