{
  "feasible_area": {
    "exterior": [
      [13.09735071593608, -12.01435230824224],
      [12.996839252269718, -11.997646866821967],
      [-20.606099438196082, -8.159366818101818],
      [-14.963472762805395, 15.768146977617606],
      [19.621967706126934, 8.893542744242696],
      [17.568466559977413, 0.5028330389060625],
      [17.55244046385639, 0.10661958885869338],
      [17.69166875491361, -0.26467196332718645],
      [17.96425890742979, -0.552659015998863],
      [18.327348318700633, -0.7120579280977485],
      [28.22402103930035, -2.8637465996802844],
      [26.845186191570967, -15.026133001904187],
      [13.09735071593608, -12.01435230824224]
    ],
    "interiors": []
  },
  "expensive_areas": [],
  "valuable_areas": [
    {
      "polygon": {
        "exterior": [
          [12.883352661613236, -12.991186394843458],
          [-21.837708891315675, -9.025189282013447],
          [-15.715228951303189, 16.937138487707575],
          [20.8416688192307, 9.670664481163737],
          [18.539800409580778, 0.2651135558704719],
          [29.319443932127893, -2.0785465313105416],
          [27.713957714606316, -16.240172757321524],
          [12.883352661613236, -12.991186394843458]
        ],
        "interiors": []
      },
      "penalty": 1.0
    }
  ],
  "touring_costs": { "distance": 1.0, "turn": 50.0 },
  "tool_radius": 1.0,
  "original_area": {
    "exterior": [
      [12.883352661613236, -12.991186394843458],
      [-21.837708891315675, -9.025189282013447],
      [-15.715228951303189, 16.937138487707575],
      [20.8416688192307, 9.670664481163737],
      [18.539800409580778, 0.2651135558704719],
      [29.319443932127893, -2.0785465313105416],
      [27.713957714606316, -16.240172757321524],
      [12.883352661613236, -12.991186394843458]
    ],
    "interiors": []
  }
}
