{
  "feasible_area": {
    "exterior": [
      [-1.5326592460122093, 12.319401895627614],
      [-1.344988386315114, 11.98780129760139],
      [-1.0469067716066502, 11.750468916406597],
      [2.805603394491898, 9.74120759178732],
      [3.162654650116623, 9.633430638428365],
      [3.534364440415174, 9.66398064030625],
      [3.869027386839374, 9.828608047226252],
      [8.516695898463514, 13.323382164532985],
      [13.677633703421934, 4.250992447555316],
      [14.084404793767034, 3.8587936687696316],
      [19.614450533060538, 0.9746203510414377],
      [18.410716478571732, -3.4832766349848714],
      [18.38416052794485, -3.870362055961555],
      [18.506937507323855, -4.238419327294368],
      [24.916802512245525, -15.506292639388052],
      [13.992827848000358, -20.918872204599133],
      [13.634791876337124, -21.217596575831497],
      [13.603849022710335, -21.289806403889127],
      [13.44937455290982, -21.293278395786984],
      [13.027876523778916, -21.39698351293081],
      [-2.914179596011481, -29.295907653047173],
      [-6.651911008431717, -22.294226640829354],
      [-6.88011923878789, -22.008630448548267],
      [-7.195725612896486, -21.824139803609892],
      [-7.556551175230071, -21.765410807241793],
      [-29.663393907502666, -22.262287598292136],
      [-27.21991829054176, -4.762717943009656],
      [-27.23476953859212, -4.4046098795465],
      [-27.374940637785716, -4.074740196736997],
      [-29.86421484604948, -0.29175565878718623],
      [-26.77576907862477, 1.372183218018092],
      [-26.42909810379716, 1.6815812808363706],
      [-26.259682399984985, 2.1142546511348623],
      [-24.603678175184612, 13.974148435292825],
      [-11.776406715757851, 9.804699920609716],
      [-11.377451889913557, 9.759764075197754],
      [-10.992976159561536, 9.87536077081497],
      [-2.285643114206338, 14.566545612159599],
      [-1.5326592460122093, 12.319401895627614]
    ],
    "interiors": []
  },
  "expensive_areas": [],
  "valuable_areas": [
    {
      "polygon": {
        "exterior": [
          [-0.5844753601318913, 12.637123973168505],
          [3.268034805966657, 10.627862648549229],
          [8.82398986251108, 14.805614973175683],
          [14.546836205241792, 4.745448725531539],
          [20.789346556466366, 1.489692328669594],
          [19.37614000914371, -3.743963049318144],
          [26.309577946204335, -15.932222900668634],
          [14.436796355576165, -21.81491459437816],
          [14.358366335399559, -22.273100313783086],
          [13.471845031354723, -22.293025902709836],
          [-3.3394858393775486, -30.622655797655693],
          [-7.534080696785168, -22.765158314164644],
          [-30.816379563240677, -23.288454837740638],
          [-28.210310205126298, -4.62442891406819],
          [-31.299795929384114, 0.07070538904895907],
          [-27.250074314569524, 2.252543680076328],
          [-25.429095087053767, 15.29394774056313],
          [-11.46728139550629, 10.755721232873206],
          [-1.7146921685680194, 16.01005094634145],
          [-0.5844753601318913, 12.637123973168505]
        ],
        "interiors": []
      },
      "penalty": 1.0
    }
  ],
  "touring_costs": { "distance": 1.0, "turn": 50.0 },
  "tool_radius": 1.0,
  "original_area": {
    "exterior": [
      [-0.5844753601318913, 12.637123973168505],
      [3.268034805966657, 10.627862648549229],
      [8.82398986251108, 14.805614973175683],
      [14.546836205241792, 4.745448725531539],
      [20.789346556466366, 1.489692328669594],
      [19.37614000914371, -3.743963049318144],
      [26.309577946204335, -15.932222900668634],
      [14.436796355576165, -21.81491459437816],
      [14.358366335399559, -22.273100313783086],
      [13.471845031354723, -22.293025902709836],
      [-3.3394858393775486, -30.622655797655693],
      [-7.534080696785168, -22.765158314164644],
      [-30.816379563240677, -23.288454837740638],
      [-28.210310205126298, -4.62442891406819],
      [-31.299795929384114, 0.07070538904895907],
      [-27.250074314569524, 2.252543680076328],
      [-25.429095087053767, 15.29394774056313],
      [-11.46728139550629, 10.755721232873206],
      [-1.7146921685680194, 16.01005094634145],
      [-0.5844753601318913, 12.637123973168505]
    ],
    "interiors": []
  }
}
