{
  "feasible_area": {
    "exterior": [
      [-15.56600017780064, -18.097996823469284],
      [-15.42614577534734, -17.761012697471095],
      [-15.416486353897024, -17.39628780027106],
      [-15.538307752016456, -17.052373418454074],
      [-31.70050477768018, 10.922998357552624],
      [-8.724232962540457, 23.676708102564],
      [-8.46830034550206, 23.879822038049028],
      [-8.291502146052322, 24.154593164486414],
      [0.20129217016841627, 43.82141064201431],
      [26.339276841570936, 27.50170461789276],
      [22.116445474302385, 19.56798334009388],
      [22.007477046351084, 19.22660235319105],
      [22.025859557706504, 18.868723631016643],
      [22.169232416398863, 18.540304204217158],
      [22.41918438294242, 18.28351808518046],
      [61.43629776032424, -9.496754016532249],
      [20.670473135072253, -40.9294003053094],
      [13.36877602067529, -30.784603978426293],
      [13.092169886661607, -30.52393789018416],
      [12.738275213173207, -30.3853149375032],
      [12.358214833056286, -30.38876028201893],
      [12.006891418602173, -30.53377621697007],
      [11.73505636432905, -30.79941406480388],
      [-3.931049925764258, -53.41941682139227],
      [-28.679246643315793, -38.251759846624196],
      [-15.56600017780064, -18.097996823469284]
    ],
    "interiors": []
  },
  "expensive_areas": [],
  "valuable_areas": [
    {
      "polygon": {
        "exterior": [
          [-16.404190939593153, -17.552619663289573],
          [-33.07528619414638, 11.303611139910583],
          [-9.2095593185425, 24.55104117878254],
          [-0.2556645030697391, 45.28563199685472],
          [27.660514929227062, 27.855679099599982],
          [22.999190191992597, 19.09813042333159],
          [63.11548065121418, -9.46475822220716],
          [20.462604360019498, -42.352422975335024],
          [12.55714471456114, -31.368774007557743],
          [-3.647356529181058, -54.766155336087294],
          [-30.077743995989543, -38.567518506824925],
          [-16.404190939593153, -17.552619663289573]
        ],
        "interiors": []
      },
      "penalty": 1.0
    }
  ],
  "touring_costs": { "distance": 1.0, "turn": 1.0 },
  "tool_radius": 1.0,
  "original_area": {
    "exterior": [
      [-16.404190939593153, -17.552619663289573],
      [-33.07528619414638, 11.303611139910583],
      [-9.2095593185425, 24.55104117878254],
      [-0.2556645030697391, 45.28563199685472],
      [27.660514929227062, 27.855679099599982],
      [22.999190191992597, 19.09813042333159],
      [63.11548065121418, -9.46475822220716],
      [20.462604360019498, -42.352422975335024],
      [12.55714471456114, -31.368774007557743],
      [-3.647356529181058, -54.766155336087294],
      [-30.077743995989543, -38.567518506824925],
      [-16.404190939593153, -17.552619663289573]
    ],
    "interiors": []
  }
}
