{
  "feasible_area": {
    "exterior": [
      [-17.646525321240492, 13.683755544041516],
      [-17.511322839253843, 13.775331228667651],
      [-17.28762949817394, 14.160026211758222],
      [-14.186709639530712, 24.102972889059103],
      [-13.861951653231234, 24.05719289433178],
      [-13.497529908059477, 24.14525279401338],
      [-13.191148635929114, 24.361327481040213],
      [-12.985872100406066, 24.67504598264574],
      [-12.910553510331054, 25.042312730766337],
      [-12.89815430880186, 25.947083530111104],
      [33.1162377286416, 13.737441909342603],
      [28.7339935645761, 0.3389867109273496],
      [28.688690610094675, -0.06390305583971877],
      [28.807062709894105, -0.45166660214008675],
      [29.069652743413638, -0.7605662559867276],
      [33.21486185897068, -3.9918249024503436],
      [5.883326604064712, -32.30574400041495],
      [-6.129547516120578, -15.923152519319233],
      [-6.3884628961462155, -15.677686616073887],
      [-6.71707167022273, -15.538737138673632],
      [-7.073545002838004, -15.523991061092321],
      [-11.76352227169886, -16.17537693123394],
      [-13.858446519234771, -5.542606540656759],
      [-14.03315536914123, -5.144584677236485],
      [-15.14128536571108, -3.6333692212077273],
      [-14.726043972959594, -3.1611799171809385],
      [-14.511469559400537, -2.7611631715242577],
      [-14.495844446688297, -2.307498723266842],
      [-14.865690159877891, -0.4303499180488556],
      [-14.982232506472078, -0.12119049286193762],
      [-15.19315555045827, 0.13311864627227565],
      [-15.475434580380986, 0.30481668935220063],
      [-20.928414655137818, 2.4860280662404324],
      [-17.640604224131913, 13.02823015167862],
      [-17.614116976983624, 13.519267265466583],
      [-17.646525321240492, 13.683755544041516]
    ],
    "interiors": []
  },
  "expensive_areas": [],
  "valuable_areas": [
    {
      "polygon": {
        "exterior": [
          [-6.935976602896556, -16.514483330288577],
          [-12.56198093631246, -17.295872987009187],
          [-14.839584455917208, -5.735915488205829],
          [-16.422984795115386, -3.5765487414483066],
          [-15.476982383370734, -2.5008076708159117],
          [-15.846828096560328, -0.6236588655979256],
          [-22.158376969859063, 1.9009830768795943],
          [-18.59525491366606, 13.325958317917515],
          [-18.827231606462384, 14.503354070231703],
          [-18.242280187708086, 14.457754377997116],
          [-14.838317100540705, 25.372394230061673],
          [-13.910459620377672, 25.056015689988406],
          [-13.880497593509336, 27.24234736109046],
          [34.395714760795926, 14.43254535013396],
          [29.684447397411336, 0.028120965550334276],
          [34.706375770114676, -3.8865547537801697],
          [5.778627018498032, -33.854060428109264],
          [-6.935976602896556, -16.514483330288577]
        ],
        "interiors": []
      },
      "penalty": 1.0
    }
  ],
  "touring_costs": { "distance": 1.0, "turn": 50.0 },
  "tool_radius": 1.0,
  "original_area": {
    "exterior": [
      [-6.935976602896556, -16.514483330288577],
      [-12.56198093631246, -17.295872987009187],
      [-14.839584455917208, -5.735915488205829],
      [-16.422984795115386, -3.5765487414483066],
      [-15.476982383370734, -2.5008076708159117],
      [-15.846828096560328, -0.6236588655979256],
      [-22.158376969859063, 1.9009830768795943],
      [-18.59525491366606, 13.325958317917515],
      [-18.827231606462384, 14.503354070231703],
      [-18.242280187708086, 14.457754377997116],
      [-14.838317100540705, 25.372394230061673],
      [-13.910459620377672, 25.056015689988406],
      [-13.880497593509336, 27.24234736109046],
      [34.395714760795926, 14.43254535013396],
      [29.684447397411336, 0.028120965550334276],
      [34.706375770114676, -3.8865547537801697],
      [5.778627018498032, -33.854060428109264],
      [-6.935976602896556, -16.514483330288577]
    ],
    "interiors": []
  }
}
