{
  "feasible_area": {
    "exterior": [
      [-10.299176560676305, 15.999104903604913],
      [-9.89695045759606, 15.809585636551303],
      [-9.452326411563503, 15.813170085364803],
      [-9.053208104014296, 16.009149592361616],
      [-5.945454025633977, 18.52555849201723],
      [19.938589717491535, -8.187182834247103],
      [6.925623163970289, -21.102817631471908],
      [-4.3504602961906755, -7.767368041030219],
      [-4.448910359172771, -7.666346252621728],
      [-23.057160228265605, 8.909642166309004],
      [-15.529977920424955, 20.096741898125725],
      [-10.299176560676305, 15.999104903604913]
    ],
    "interiors": []
  },
  "expensive_areas": [],
  "valuable_areas": [
    {
      "polygon": {
        "exterior": [
          [-9.682498177201953, 16.786320103760158],
          [-5.863839935583642, 19.878361926116867],
          [21.344326555583812, -8.200894957132675],
          [6.861346151788943, -22.575548492237722],
          [-5.11406560474638, -8.413051347880835],
          [-24.374169263321242, 8.74359999965969],
          [-15.759548181151894, 21.546880331750668],
          [-9.682498177201953, 16.786320103760158]
        ],
        "interiors": []
      },
      "penalty": 1.0
    }
  ],
  "touring_costs": { "distance": 1.0, "turn": 50.0 },
  "tool_radius": 1.0,
  "original_area": {
    "exterior": [
      [-9.682498177201953, 16.786320103760158],
      [-5.863839935583642, 19.878361926116867],
      [21.344326555583812, -8.200894957132675],
      [6.861346151788943, -22.575548492237722],
      [-5.11406560474638, -8.413051347880835],
      [-24.374169263321242, 8.74359999965969],
      [-15.759548181151894, 21.546880331750668],
      [-9.682498177201953, 16.786320103760158]
    ],
    "interiors": []
  }
}
