{
  "feasible_area": {
    "exterior": [
      [1.0810019630569963, 6.843785180189929],
      [1.087805081882165, 6.838902899181169],
      [6.370826497172021, 4.517684237347086],
      [6.804764872349671, 4.433712596420884],
      [11.544676731042397, 4.583950777365319],
      [11.751435720761059, 2.700011741385541],
      [11.848740412967128, 2.3665205079963276],
      [12.054266229515772, 2.086442403524041],
      [12.343209368240139, 1.893578543620512],
      [14.073873848251036, 1.133170744260064],
      [12.446893196041119, -2.246660009742924],
      [12.35389931577732, -2.7894941125183434],
      [13.09705812996299, -9.560981542796007],
      [13.229566391830893, -9.959606433173867],
      [13.764451919304127, -10.867228844051256],
      [13.591739717491715, -10.991816208015102],
      [13.382190507704001, -11.354594711680582],
      [13.33964534036799, -11.7713788557897],
      [13.84280896867968, -16.35608688783932],
      [0.11685120687951678, -16.890698763098182],
      [-0.2463931227012443, -16.974373372916713],
      [-6.350871275046638, -19.655769779241417],
      [-17.179485145761056, -3.0301624390553],
      [-14.761903048667781, -2.3141958877493414],
      [-14.391685864824026, -2.111701530166566],
      [-14.13795442673419, -1.7745293406388343],
      [-13.34979867655898, -0.06741021043575635],
      [-13.259700595557003, 0.2886394568310952],
      [-13.304222566935083, 0.653203338511225],
      [-13.477359065170978, 0.9771057663188694],
      [-13.755755876001418, 1.2166558560297989],
      [-14.101860323724908, 1.3395409284637276],
      [-23.327034141015883, 2.7950334631951983],
      [-20.116166699054506, 12.300108113680816],
      [-9.77555503380144, 9.632666047500393],
      [-9.430692001138247, 9.605498894890633],
      [-9.09720727598841, 9.697458144399933],
      [-8.815008497019624, 9.897539164557028],
      [-8.617865987290894, 10.181798546700227],
      [-8.264162723315435, 10.947908047536256],
      [1.0606996159799176, 6.850812317740011],
      [1.0810019630569963, 6.843785180189929]
    ],
    "interiors": []
  },
  "expensive_areas": [],
  "valuable_areas": [
    {
      "polygon": {
        "exterior": [
          [12.745467245357503, 2.809104949737251],
          [15.423951941293247, 1.6322502348104666],
          [13.347930840373763, -2.6804009041666332],
          [14.091089654559434, -9.451888334444297],
          [15.175752957349463, -11.292403119951894],
          [14.333676864964435, -11.66228564743799],
          [14.953895304403076, -17.31356944642946],
          [0.15577066418270036, -17.88994111400372],
          [-6.725666327440717, -20.91261724768757],
          [-18.749363236540894, -2.4521507489480996],
          [-15.04586228156335, -1.3553595335921995],
          [-14.25770653138814, 0.3517595966108783],
          [-24.6538200399013, 1.9919959652200658],
          [-20.76617664451698, 13.500518616975132],
          [-9.525773842120055, 10.600968353746861],
          [-8.760604724235025, 12.25829920325442],
          [1.4629574930972806, 7.76633872385675],
          [1.4905162595590227, 7.759229723409598],
          [1.490062958999528, 7.754429305297908],
          [6.773084374289384, 5.433210643463825],
          [12.437770949077903, 5.612760861271316],
          [12.745467245357503, 2.809104949737251]
        ],
        "interiors": []
      },
      "penalty": 1.0
    }
  ],
  "touring_costs": { "distance": 1.0, "turn": 1.0 },
  "tool_radius": 1.0,
  "original_area": {
    "exterior": [
      [12.745467245357503, 2.809104949737251],
      [15.423951941293247, 1.6322502348104666],
      [13.347930840373763, -2.6804009041666332],
      [14.091089654559434, -9.451888334444297],
      [15.175752957349463, -11.292403119951894],
      [14.333676864964435, -11.66228564743799],
      [14.953895304403076, -17.31356944642946],
      [0.15577066418270036, -17.88994111400372],
      [-6.725666327440717, -20.91261724768757],
      [-18.749363236540894, -2.4521507489480996],
      [-15.04586228156335, -1.3553595335921995],
      [-14.25770653138814, 0.3517595966108783],
      [-24.6538200399013, 1.9919959652200658],
      [-20.76617664451698, 13.500518616975132],
      [-9.525773842120055, 10.600968353746861],
      [-8.760604724235025, 12.25829920325442],
      [1.4629574930972806, 7.76633872385675],
      [1.4905162595590227, 7.759229723409598],
      [1.490062958999528, 7.754429305297908],
      [6.773084374289384, 5.433210643463825],
      [12.437770949077903, 5.612760861271316],
      [12.745467245357503, 2.809104949737251]
    ],
    "interiors": []
  }
}
