{
  "feasible_area": {
    "exterior": [
      [0.33900904808719745, -19.366148132637488],
      [0.16814624061478123, -18.967465977116653],
      [-0.15545701709931026, -18.67863645697558],
      [-0.5709175032926852, -18.55400040873888],
      [-1.0000698339296537, -18.617007052967516],
      [-11.595314258984502, -22.658262401202627],
      [-23.07045329642403, 6.455171759102764],
      [-6.8072341360317665, 14.64722324546385],
      [-6.475787073375198, 14.916180704090102],
      [-6.286691730173677, 15.298853176413184],
      [-6.274400383517573, 15.725519548057047],
      [-6.433332889425116, 16.568837467300735],
      [-3.1188619177615, 16.617527160690805],
      [-2.683683406391025, 16.724323698374675],
      [7.027523951967181, 21.616018871993685],
      [9.520148813905756, 17.314623443441118],
      [9.747164876330936, 17.046146866599894],
      [10.053073360579775, 16.872837997305812],
      [10.400059094197262, 16.816120578664364],
      [26.93452661660213, 17.059012479337692],
      [29.750120395346887, -22.302273680212863],
      [1.7273117504161595, -26.73267481969254],
      [0.33900904808719745, -19.366148132637488]
    ],
    "interiors": []
  },
  "expensive_areas": [],
  "valuable_areas": [
    {
      "polygon": {
        "exterior": [
          [-0.6436916656613141, -19.55134885401342],
          [-12.162994512882994, -23.945060067432035],
          [-24.335498004847246, 6.937648876063518],
          [-7.2571010972660845, 15.540318826681114],
          [-7.63608817858314, 17.551276843176908],
          [-3.1335503676253427, 17.61741927959194],
          [7.419903502832018, 22.933367900408417],
          [10.38537064433342, 17.816012697565498],
          [27.8645647028438, 18.072782663780412],
          [30.813074908634395, -23.146641398954678],
          [0.924432017620969, -27.87203060599982],
          [-0.6436916656613141, -19.55134885401342]
        ],
        "interiors": []
      },
      "penalty": 1.0
    }
  ],
  "touring_costs": { "distance": 1.0, "turn": 1.0 },
  "tool_radius": 1.0,
  "original_area": {
    "exterior": [
      [-0.6436916656613141, -19.55134885401342],
      [-12.162994512882994, -23.945060067432035],
      [-24.335498004847246, 6.937648876063518],
      [-7.2571010972660845, 15.540318826681114],
      [-7.63608817858314, 17.551276843176908],
      [-3.1335503676253427, 17.61741927959194],
      [7.419903502832018, 22.933367900408417],
      [10.38537064433342, 17.816012697565498],
      [27.8645647028438, 18.072782663780412],
      [30.813074908634395, -23.146641398954678],
      [0.924432017620969, -27.87203060599982],
      [-0.6436916656613141, -19.55134885401342]
    ],
    "interiors": []
  }
}
