{
  "feasible_area": {
    "exterior": [
      [13.178179450827537, 4.085679786230555],
      [13.075301848243587, 3.7106187283657746],
      [13.123286884604743, 3.3246756826641017],
      [13.314876602514664, 2.986226309446685],
      [13.621092176163954, 2.7464626326841266],
      [22.939154013448803, -1.9701412809346808],
      [11.878615002148331, -20.6616722571881],
      [4.145736004917005, -16.33192708485358],
      [3.7629634615975553, -16.21007494049926],
      [3.363123009769942, -16.248680355731786],
      [3.010734010301112, -16.441513854005148],
      [2.762658926501991, -16.757459288852758],
      [1.2569718165169772, -19.770582422130833],
      [-20.75772458823013, -7.6184840582072475],
      [-17.386842703789576, 5.49738657247327],
      [-17.3640674860866, 5.877929247873378],
      [-17.48535927634267, 6.239342778276664],
      [-17.73309056422078, 6.529102415473328],
      [-18.07125820533127, 6.7050969746160956],
      [-29.501991211735, 10.09224835418695],
      [-26.137684167849052, 44.293360936903234],
      [0.09290712697381831, 40.54592149203972],
      [-0.9888962580320597, 20.966692148064364],
      [-0.9327849498804147, 20.576939191204616],
      [-0.7305543224083071, 20.239065517184812],
      [-0.4135614167028482, 20.005460414466974],
      [-0.0309578360240322, 19.912345719949137],
      [20.66727865418025, 19.072577068801483],
      [13.178179450827537, 4.085679786230555]
    ],
    "interiors": []
  },
  "expensive_areas": [],
  "valuable_areas": [
    {
      "polygon": {
        "exterior": [
          [14.072710460612925, 3.638673888582285],
          [24.34365935423382, -1.5602611039275929],
          [12.24199723444971, -22.011216716939934],
          [3.657189936287378, -17.20446518650103],
          [1.6858013724063063, -21.14953215766546],
          [-21.919033863320994, -8.11967817399147],
          [-18.355367163586045, 5.746304974316038],
          [-30.57804843002458, 9.368126225016141],
          [-27.030595084489725, 45.431080548124626],
          [1.1419650860565564, 41.40620127417806],
          [0.009580802994161804, 20.911523691456992],
          [22.253151447354412, 20.009057757919017],
          [14.072710460612925, 3.638673888582285]
        ],
        "interiors": []
      },
      "penalty": 1.0
    }
  ],
  "touring_costs": { "distance": 1.0, "turn": 50.0 },
  "tool_radius": 1.0,
  "original_area": {
    "exterior": [
      [14.072710460612925, 3.638673888582285],
      [24.34365935423382, -1.5602611039275929],
      [12.24199723444971, -22.011216716939934],
      [3.657189936287378, -17.20446518650103],
      [1.6858013724063063, -21.14953215766546],
      [-21.919033863320994, -8.11967817399147],
      [-18.355367163586045, 5.746304974316038],
      [-30.57804843002458, 9.368126225016141],
      [-27.030595084489725, 45.431080548124626],
      [1.1419650860565564, 41.40620127417806],
      [0.009580802994161804, 20.911523691456992],
      [22.253151447354412, 20.009057757919017],
      [14.072710460612925, 3.638673888582285]
    ],
    "interiors": []
  }
}
