{
  "feasible_area": {
    "exterior": [
      [-10.475444447687032, -13.663168205679693],
      [-10.80108896900052, -13.305367303894517],
      [-18.245963011360764, -8.34119364296756],
      [-15.751153441153086, -5.121980620836171],
      [-15.579110499362152, -4.780818033984038],
      [-15.547578856420497, -4.4000340532533375],
      [-15.661161838464198, -4.035219592632903],
      [-17.71983943659923, -0.21302092038628523],
      [-10.458587657370506, 2.0063538302294623],
      [-10.182892492186447, 2.1396478106117613],
      [-9.960460939424745, 2.3501218319256543],
      [-5.38813861303429, 8.250082995403535],
      [-5.242083940226788, 8.511919448025157],
      [-0.21267332455490973, 21.94115217692037],
      [5.85244674951324, 21.151262879134983],
      [6.265849860987849, 21.18414118147283],
      [6.630365226650856, 21.38190787112777],
      [6.883302358325684, 21.710550416702162],
      [8.260758710049021, 24.583458551710258],
      [13.831868354146941, 21.71083035774977],
      [14.161271279589286, 21.607972930730043],
      [14.50602311188739, 21.623208143567243],
      [14.825068755858542, 21.75472169665637],
      [24.043330958629305, 27.5907542484103],
      [41.79468298222874, 8.293880298904163],
      [31.063332318166196, 0.7983773493839583],
      [30.806442669263244, 0.5370496004165518],
      [30.660943161744395, 0.20072479103487612],
      [30.64637212191272, -0.1654338752452922],
      [30.764686214334724, -0.5122569708260301],
      [30.99999769214849, -0.7931715352454455],
      [32.12850806637802, -1.7231377220705917],
      [23.511718967093074, -14.603834909318168],
      [23.384553149834428, -14.874201845961007],
      [20.75974065897527, -23.679997610692315],
      [18.235930433802064, -23.436771177991815],
      [17.880007714448478, -23.466549318707933],
      [17.55725189494811, -23.619508139294414],
      [17.308836199252145, -23.8761350317832],
      [9.745183931382714, -35.18256407043163],
      [-14.446697067715174, -19.831240694069454],
      [-10.302429553209395, -15.426160782482562],
      [-10.087542250032902, -15.073093810470558],
      [-10.033789049672608, -14.663284790019304],
      [-10.150352763993983, -14.26674255986494],
      [-10.475444447687032, -13.663168205679693]
    ],
    "interiors": []
  },
  "expensive_areas": [],
  "valuable_areas": [
    {
      "polygon": {
        "exterior": [
          [-11.355860675213195, -14.137369920468453],
          [-19.694194860016285, -8.5774452393138],
          [-16.54157806599036, -4.509421307421663],
          [-19.178708075607812, 0.38674836500919163],
          [-10.75088556426202, 2.962681145340162],
          [-6.178563237871565, 8.862642308818042],
          [-0.8707313019598129, 23.035299067267864],
          [5.981590875944306, 22.14288871311086],
          [7.804103591842645, 25.94403391898935],
          [14.290160610834192, 22.59963191460063],
          [24.213956798264526, 28.882334262707744],
          [43.305066270040314, 8.129056847933123],
          [31.635951321254996, -0.02144426371342112],
          [33.46287931047485, -1.526952138994469],
          [24.34288493779046, -15.15985930550477],
          [21.482985403698052, -24.754331784041632],
          [18.14000216994953, -24.4321594279698],
          [10.033592240819846, -36.54992282796777],
          [-16.004128678701047, -20.02729385860648],
          [-11.030768991520146, -14.740944274653701],
          [-11.355860675213195, -14.137369920468453]
        ],
        "interiors": []
      },
      "penalty": 1.0
    }
  ],
  "touring_costs": { "distance": 1.0, "turn": 5.0 },
  "tool_radius": 1.0,
  "original_area": {
    "exterior": [
      [-11.355860675213195, -14.137369920468453],
      [-19.694194860016285, -8.5774452393138],
      [-16.54157806599036, -4.509421307421663],
      [-19.178708075607812, 0.38674836500919163],
      [-10.75088556426202, 2.962681145340162],
      [-6.178563237871565, 8.862642308818042],
      [-0.8707313019598129, 23.035299067267864],
      [5.981590875944306, 22.14288871311086],
      [7.804103591842645, 25.94403391898935],
      [14.290160610834192, 22.59963191460063],
      [24.213956798264526, 28.882334262707744],
      [43.305066270040314, 8.129056847933123],
      [31.635951321254996, -0.02144426371342112],
      [33.46287931047485, -1.526952138994469],
      [24.34288493779046, -15.15985930550477],
      [21.482985403698052, -24.754331784041632],
      [18.14000216994953, -24.4321594279698],
      [10.033592240819846, -36.54992282796777],
      [-16.004128678701047, -20.02729385860648],
      [-11.030768991520146, -14.740944274653701],
      [-11.355860675213195, -14.137369920468453]
    ],
    "interiors": []
  }
}
