{
  "feasible_area": {
    "exterior": [
      [-26.204768425579537, 16.088347724828402],
      [-25.851861521171667, 16.114674917050046],
      [-25.530222867221433, 16.262272276491547],
      [-25.280133332210628, 16.51265524058276],
      [-25.132913230239314, 16.834466747220695],
      [-23.874205846266538, 21.739998149583165],
      [31.860417740834258, 15.740718183185248],
      [28.748849856648807, -14.697216231983038],
      [2.034845927444298, -14.381931940133594],
      [1.6085902339293603, -14.47179217822245],
      [1.260985027701393, -14.73435531205219],
      [1.057994924196316, -15.119795056399187],
      [1.0381411074329616, -15.554966981738136],
      [2.7576680885093547, -25.338457644057357],
      [-30.884516305727104, -32.86326114612606],
      [-30.82168256797957, -14.985934482909117],
      [-30.89567344747886, -14.60490349982299],
      [-31.10917524556711, -14.280748841467224],
      [-31.43002193926721, -14.062307408899194],
      [-31.809875003029976, -13.982489426772984],
      [-33.036503055434075, -13.968012504560582],
      [-30.818229876141086, -5.322787348500402],
      [-30.786858155733448, -5.077763874312431],
      [-30.71082153454347, 16.556020205862403],
      [-26.204768425579537, 16.088347724828402]
    ],
    "interiors": []
  },
  "expensive_areas": [],
  "valuable_areas": [
    {
      "polygon": {
        "exterior": [
          [-26.101535333272324, 17.08300491635355],
          [-24.62771715368914, 22.826882686021385],
          [32.956386763055136, 16.62852448825195],
          [29.650739526227547, -15.707930167173316],
          [2.023044539054058, -15.381862301324844],
          [3.9078797033922683, -26.105897127908676],
          [-31.888913644407907, -34.112625608729424],
          [-31.821676391420215, -14.982419787964234],
          [-34.32161296752222, -14.952915010801153],
          [-31.786851979174095, -5.074249179367548],
          [-31.70693075041663, 17.664775507715984],
          [-26.101535333272324, 17.08300491635355]
        ],
        "interiors": []
      },
      "penalty": 1.0
    }
  ],
  "touring_costs": { "distance": 1.0, "turn": 1.0 },
  "tool_radius": 1.0,
  "original_area": {
    "exterior": [
      [-26.101535333272324, 17.08300491635355],
      [-24.62771715368914, 22.826882686021385],
      [32.956386763055136, 16.62852448825195],
      [29.650739526227547, -15.707930167173316],
      [2.023044539054058, -15.381862301324844],
      [3.9078797033922683, -26.105897127908676],
      [-31.888913644407907, -34.112625608729424],
      [-31.821676391420215, -14.982419787964234],
      [-34.32161296752222, -14.952915010801153],
      [-31.786851979174095, -5.074249179367548],
      [-31.70693075041663, 17.664775507715984],
      [-26.101535333272324, 17.08300491635355]
    ],
    "interiors": []
  }
}
