{
  "feasible_area": {
    "exterior": [
      [-18.400807183058546, -5.857718457165984],
      [-18.57770894402538, -5.64465550426601],
      [-18.03203421201437, -4.827503453847365],
      [-17.88175319820593, -4.461537836703144],
      [-14.157442029351293, 14.849111740928961],
      [-8.49669060666288, 12.879062960968756],
      [-8.080676626541402, 12.827323863976373],
      [-7.680010572042606, 12.95065787626199],
      [-7.365107324950833, 13.227389715386366],
      [-7.191309419699677, 13.608885264435644],
      [-4.429024208386119, 26.17968149734096],
      [8.09720613963833, 19.442345980101116],
      [6.795215834807713, 13.42279965251167],
      [6.797504165267655, 12.989673588397343],
      [6.982726503589768, 12.598143117989295],
      [7.316134504927344, 12.321660698086076],
      [19.531027844821665, 6.0547831267558125],
      [8.02935620314479, -15.188506706441638],
      [-16.524454075608976, -6.287140673547844],
      [-16.646261554685893, -6.251547200371464],
      [-18.400807183058546, -5.857718457165984]
    ],
    "interiors": []
  },
  "expensive_areas": [],
  "valuable_areas": [
    {
      "polygon": {
        "exterior": [
          [7.772614342294661, 13.211394454935341],
          [20.897217887264002, 6.477788086066169],
          [8.498525198821524, -16.422276403596925],
          [-16.86527403593535, -7.227269257648512],
          [-19.327018956711463, -6.674701178161774],
          [-19.265753073072855, -6.357035989521546],
          [-20.0629066712165, -6.068048012463875],
          [-18.863658373535745, -4.272164589752773],
          [-14.92044845559363, 16.173480654181365],
          [-8.168007495359943, 13.82350322501102],
          [-5.121530003477485, 27.687621101664142],
          [9.233709717983348, 19.966537922865367],
          [7.772614342294661, 13.211394454935341]
        ],
        "interiors": []
      },
      "penalty": 1.0
    }
  ],
  "touring_costs": { "distance": 1.0, "turn": 50.0 },
  "tool_radius": 1.0,
  "original_area": {
    "exterior": [
      [7.772614342294661, 13.211394454935341],
      [20.897217887264002, 6.477788086066169],
      [8.498525198821524, -16.422276403596925],
      [-16.86527403593535, -7.227269257648512],
      [-19.327018956711463, -6.674701178161774],
      [-19.265753073072855, -6.357035989521546],
      [-20.0629066712165, -6.068048012463875],
      [-18.863658373535745, -4.272164589752773],
      [-14.92044845559363, 16.173480654181365],
      [-8.168007495359943, 13.82350322501102],
      [-5.121530003477485, 27.687621101664142],
      [9.233709717983348, 19.966537922865367],
      [7.772614342294661, 13.211394454935341]
    ],
    "interiors": []
  }
}
