{
  "feasible_area": {
    "exterior": [
      [0.34261847050629635, 16.547564844927905],
      [0.5213068275364563, 16.263492542433895],
      [15.104610563748306, 3.4544019411698796],
      [12.717663468933319, -0.8401968890469278],
      [12.595088146079847, -1.2441111011577828],
      [12.65008576298677, -1.6626163731106214],
      [12.87285731722464, -2.021147034477546],
      [13.223711288979374, -2.2558231751942532],
      [19.35347012986577, -4.681953488510516],
      [17.89533540029979, -7.944258526042579],
      [17.810568908040718, -8.284859623966705],
      [17.84871626139696, -8.633771139324017],
      [18.005077917538014, -8.948009104257999],
      [18.260390985714405, -9.188861140444905],
      [22.07743796514765, -11.68886204402034],
      [12.749659730601955, -27.272844612237968],
      [10.870578635571945, -26.27628006388257],
      [10.480071024754865, -26.162774789559357],
      [10.07665964032995, -26.214144978595638],
      [9.727060512392184, -26.42189504754967],
      [9.722579043972333, -26.42810533625994],
      [-19.787252433871327, -12.886210033512958],
      [-15.762689098187554, -6.801893287515554],
      [-15.61521801809837, -6.441568669958729],
      [-15.616526996758779, -6.052236117948228],
      [-15.766417617155199, -5.692911262980861],
      [-16.0421692267954, -5.41806112333931],
      [-18.40403154226662, -3.844032079330928],
      [-7.608127496889751, 9.73415347620048],
      [-7.426983264888578, 10.090179236946781],
      [-7.399643600838, 10.488701655226956],
      [-7.8258356625321195, 13.684285556291957],
      [-3.579459850378344, 15.067515700315235],
      [-3.1064460590011116, 15.395992041884922],
      [-1.2086029229951605, 17.782940476001063],
      [-0.022819626800543613, 16.74142025882922],
      [0.2703571643835752, 16.562431755423273],
      [0.34261847050629635, 16.547564844927905]
    ],
    "interiors": []
  },
  "expensive_areas": [],
  "valuable_areas": [
    {
      "polygon": {
        "exterior": [
          [1.1812312969913328, 17.014824489455115],
          [16.370472698374908, 3.673514948484706],
          [13.591729241364334, -1.3260044903301662],
          [20.69261153335618, -4.136500992244892],
          [18.808291041911197, -8.352317340982168],
          [23.42866983961653, -11.378465887584337],
          [13.12002108813449, -28.60119550287508],
          [10.402045860966913, -27.159726179455507],
          [10.149673628642804, -27.724362072250692],
          [-21.26534768849564, -13.308185892808156],
          [-16.596736278466086, -6.250200165327657],
          [-19.86365432021664, -4.07300979803716],
          [-8.39086685998622, 10.356503128292722],
          [-8.927112632371635, 14.377268673379001],
          [-3.8891854220975803, 16.018341693977163],
          [-1.3377400722643267, 19.22733635058207],
          [0.6371048426543328, 17.49275220585044],
          [1.0131820687095345, 17.615256990771105],
          [1.1812312969913328, 17.014824489455115]
        ],
        "interiors": []
      },
      "penalty": 1.0
    }
  ],
  "touring_costs": { "distance": 1.0, "turn": 5.0 },
  "tool_radius": 1.0,
  "original_area": {
    "exterior": [
      [1.1812312969913328, 17.014824489455115],
      [16.370472698374908, 3.673514948484706],
      [13.591729241364334, -1.3260044903301662],
      [20.69261153335618, -4.136500992244892],
      [18.808291041911197, -8.352317340982168],
      [23.42866983961653, -11.378465887584337],
      [13.12002108813449, -28.60119550287508],
      [10.402045860966913, -27.159726179455507],
      [10.149673628642804, -27.724362072250692],
      [-21.26534768849564, -13.308185892808156],
      [-16.596736278466086, -6.250200165327657],
      [-19.86365432021664, -4.07300979803716],
      [-8.39086685998622, 10.356503128292722],
      [-8.927112632371635, 14.377268673379001],
      [-3.8891854220975803, 16.018341693977163],
      [-1.3377400722643267, 19.22733635058207],
      [0.6371048426543328, 17.49275220585044],
      [1.0131820687095345, 17.615256990771105],
      [1.1812312969913328, 17.014824489455115]
    ],
    "interiors": []
  }
}
