{
  "feasible_area": {
    "exterior": [
      [-16.486492271255713, -14.571425112859792],
      [-16.496562323475725, -14.564298661239949],
      [-16.867188913643936, -14.476486599319214],
      [-19.791515893779025, -14.356448958732997],
      [-15.899728008673994, -0.7593493061705776],
      [-15.861127867635744, -0.48731740693897524],
      [-15.850762832519159, 2.813215637712585],
      [-15.901839716463844, 3.1318782655779303],
      [-16.051750906819375, 3.417677764313904],
      [-25.332190947301626, 15.749073987700518],
      [-4.307680517416327, 24.225666398325203],
      [-1.448231467136624, 17.70408193758364],
      [-1.2560537323692114, 17.415477908097113],
      [-0.9768746837114585, 17.209848079602445],
      [-0.6442585015645771, 17.111914209311177],
      [15.608408317185882, 15.282384537743154],
      [15.099294632756525, 13.26100377277344],
      [15.07910271090181, 12.875052369862342],
      [15.117883204004764, 12.764244362868364],
      [9.291300901764968, -15.55023909692645],
      [-16.023562715979736, -14.511115729027429],
      [-16.24674630244367, -14.527007306632013],
      [-16.486492271255713, -14.571425112859792]
    ],
    "interiors": []
  },
  "expensive_areas": [],
  "valuable_areas": [
    {
      "polygon": {
        "exterior": [
          [16.069010262732412, 13.016767008586582],
          [16.184435850942393, 12.985835595499537],
          [10.099473466990222, -16.58425504025041],
          [-16.064576132479452, -15.51027432488047],
          [-16.90880227188779, -15.666684350285582],
          [-16.908202330143652, -15.475645195172255],
          [-21.102728896981294, -15.303468459848308],
          [-16.86112293657699, -0.48417700995892243],
          [-16.850757901460405, 2.816356034692638],
          [-26.91494737221922, 16.1891602864093],
          [-3.781543002651315, 25.516009563824845],
          [-0.5323970318765996, 18.10563801983362],
          [16.857674508145234, 16.148073010474334],
          [16.069010262732412, 13.016767008586582]
        ],
        "interiors": []
      },
      "penalty": 1.0
    }
  ],
  "touring_costs": { "distance": 1.0, "turn": 50.0 },
  "tool_radius": 1.0,
  "original_area": {
    "exterior": [
      [16.069010262732412, 13.016767008586582],
      [16.184435850942393, 12.985835595499537],
      [10.099473466990222, -16.58425504025041],
      [-16.064576132479452, -15.51027432488047],
      [-16.90880227188779, -15.666684350285582],
      [-16.908202330143652, -15.475645195172255],
      [-21.102728896981294, -15.303468459848308],
      [-16.86112293657699, -0.48417700995892243],
      [-16.850757901460405, 2.816356034692638],
      [-26.91494737221922, 16.1891602864093],
      [-3.781543002651315, 25.516009563824845],
      [-0.5323970318765996, 18.10563801983362],
      [16.857674508145234, 16.148073010474334],
      [16.069010262732412, 13.016767008586582]
    ],
    "interiors": []
  }
}
