{
  "feasible_area": {
    "exterior": [
      [1.2446630796386404, 13.127435900982315],
      [1.533373256771597, 13.06342771229209],
      [1.828179968860774, 13.086657372356665],
      [13.63098448123606, 15.813356579102406],
      [17.43852194779548, 7.224967370395314],
      [17.663759710844086, 6.905449873525714],
      [17.9942851584961, 6.69670024079935],
      [36.122133798783494, -0.26318232518672285],
      [17.33486418152434, -42.55171723082719],
      [-25.40629932937541, -25.565017708884508],
      [-16.742673503129712, -7.167386468668193],
      [-16.653010399561097, -6.847317989779441],
      [-16.673208542156157, -6.51554195334006],
      [-20.045587006672378, 8.033351355283243],
      [-8.780363308727098, 10.635857945034344],
      [-8.377546449522288, 10.831908972665063],
      [-8.100749419526517, 11.184160064473462],
      [-5.8948352524339125, 15.868526195660033],
      [1.2446630796386404, 13.127435900982315]
    ],
    "interiors": []
  },
  "expensive_areas": [],
  "valuable_areas": [
    {
      "polygon": {
        "exterior": [
          [1.6030872889043355, 14.060994729451235],
          [14.210487179107982, 16.973572603947133],
          [18.352709367761797, 7.630259069268269],
          [37.46347129718453, 0.29300347901026313],
          [17.85857524761123, -43.83593850158522],
          [-26.764225523156355, -26.10141640961551],
          [-17.64738007228673, -6.741351231012743],
          [-21.245733966085904, 8.78243040808733],
          [-9.005455988683536, 11.610195302128911],
          [-6.4037338118448766, 17.135079012360958],
          [1.6030872889043355, 14.060994729451235]
        ],
        "interiors": []
      },
      "penalty": 1.0
    }
  ],
  "touring_costs": { "distance": 1.0, "turn": 50.0 },
  "tool_radius": 1.0,
  "original_area": {
    "exterior": [
      [1.6030872889043355, 14.060994729451235],
      [14.210487179107982, 16.973572603947133],
      [18.352709367761797, 7.630259069268269],
      [37.46347129718453, 0.29300347901026313],
      [17.85857524761123, -43.83593850158522],
      [-26.764225523156355, -26.10141640961551],
      [-17.64738007228673, -6.741351231012743],
      [-21.245733966085904, 8.78243040808733],
      [-9.005455988683536, 11.610195302128911],
      [-6.4037338118448766, 17.135079012360958],
      [1.6030872889043355, 14.060994729451235]
    ],
    "interiors": []
  }
}
