{
  "feasible_area": {
    "exterior": [
      [13.73667693549078, -9.74571828550601],
      [13.37788103299721, -9.7417647797517],
      [13.040787069397751, -9.864719200407203],
      [12.768795936278806, -10.09875114984701],
      [3.4002134291715125, -21.68672297730326],
      [-23.73735539056069, -10.973669045471988],
      [-21.367195311449784, -4.105049918662665],
      [-21.31706747410372, -3.683359001502664],
      [-21.446451518973458, -3.278889226827989],
      [-21.732014841101662, -2.9645810679339837],
      [-22.12226008475001, -2.7971156102954704],
      [-29.503951227615772, -1.366720760778804],
      [-12.558152373726143, 40.3086433320002],
      [36.46313193863371, 34.6706001085114],
      [28.104322193450614, 8.90159385008081],
      [28.087762982559138, 8.778912790124412],
      [28.029914599100195, 8.672205955997494],
      [21.563637230773736, -11.262395626383991],
      [13.73667693549078, -9.74571828550601]
    ],
    "interiors": []
  },
  "expensive_areas": [],
  "valuable_areas": [
    {
      "polygon": {
        "exterior": [
          [13.546439611685496, -10.727456417917807],
          [3.716129583797918, -22.886537641988124],
          [-24.99489796387608, -11.5523319657274],
          [-22.312497408555295, -3.7788537427072675],
          [-30.888541334006415, -2.1170219452539314],
          [-13.198421944891408, 41.388874279690086],
          [37.79138553484212, 35.52442697765099],
          [29.05553099218384, 8.593045926392291],
          [29.135477554950473, 8.554578229976679],
          [28.98112339783342, 8.363658032308976],
          [22.241890408971148, -12.412426405680566],
          [13.546439611685496, -10.727456417917807]
        ],
        "interiors": []
      },
      "penalty": 1.0
    }
  ],
  "touring_costs": { "distance": 1.0, "turn": 5.0 },
  "tool_radius": 1.0,
  "original_area": {
    "exterior": [
      [13.546439611685496, -10.727456417917807],
      [3.716129583797918, -22.886537641988124],
      [-24.99489796387608, -11.5523319657274],
      [-22.312497408555295, -3.7788537427072675],
      [-30.888541334006415, -2.1170219452539314],
      [-13.198421944891408, 41.388874279690086],
      [37.79138553484212, 35.52442697765099],
      [29.05553099218384, 8.593045926392291],
      [29.135477554950473, 8.554578229976679],
      [28.98112339783342, 8.363658032308976],
      [22.241890408971148, -12.412426405680566],
      [13.546439611685496, -10.727456417917807]
    ],
    "interiors": []
  }
}
