{
  "feasible_area": {
    "exterior": [
      [9.009817780116714, -13.317166312163653],
      [8.702066045954211, -13.428293314859799],
      [8.446659254040435, -13.632811556717513],
      [8.270941342511339, -13.908825245102907],
      [2.396007723288887, -27.705084301217624],
      [-17.182440615429798, -21.87041605682601],
      [-14.261741954026144, -11.250376600342184],
      [-14.227783362808834, -10.924562990151921],
      [-14.30093497963345, -10.605256655328102],
      [-18.11028003963561, -1.3311499179425876],
      [-18.36155285151472, -0.9721246685334222],
      [-18.74220785407572, -0.7550096650715894],
      [-19.1791451433227, -0.7214990552823349],
      [-29.238736778396266, -2.183853415531296],
      [-34.02568552564982, 8.089314988024196],
      [-34.13777161553561, 8.274424136864864],
      [-53.189670015098386, 33.186948670013756],
      [-27.97995717405397, 52.13178481900944],
      [-21.680769734107205, 40.59230915240579],
      [-21.459159786851153, 40.31680053008364],
      [-21.155523361274312, 40.13563516153986],
      [-20.80781985955541, 40.07146161099842],
      [-20.459517772128763, 40.13230259710913],
      [-12.979952474611595, 42.86811923389586],
      [-5.792258810512056, 28.63338125376694],
      [-5.549133755050739, 28.323784429546713],
      [-5.205357359776793, 28.132009102111788],
      [-4.814201210144114, 28.087772773547375],
      [22.479234447527414, 30.427216792399662],
      [33.862904168059494, -8.738569506159731],
      [9.009817780116714, -13.317166312163653]
    ],
    "interiors": []
  },
  "expensive_areas": [],
  "valuable_areas": [
    {
      "polygon": {
        "exterior": [
          [9.190995391324616, -14.300616703996916],
          [2.966197438037815, -28.918471253795808],
          [-18.406237611199955, -22.549168338176138],
          [-15.225942987226597, -10.985204264727814],
          [-19.035288047228757, -1.7110975273423004],
          [-29.83098909984015, -3.280459493407349],
          [-34.93211184170012, 7.6669510056920345],
          [-54.596621094748656, 33.380533921405444],
          [-27.656283835249504, 53.62591626264874],
          [-20.80303178560618, 41.07145014810665],
          [-12.488184676500497, 44.112789604155054],
          [-4.899602593448189, 29.08411940184987],
          [23.21067611296641, 31.493578738989353],
          [35.13188331458167, -9.521618042166653],
          [9.190995391324616, -14.300616703996916]
        ],
        "interiors": []
      },
      "penalty": 1.0
    }
  ],
  "touring_costs": { "distance": 1.0, "turn": 5.0 },
  "tool_radius": 1.0,
  "original_area": {
    "exterior": [
      [9.190995391324616, -14.300616703996916],
      [2.966197438037815, -28.918471253795808],
      [-18.406237611199955, -22.549168338176138],
      [-15.225942987226597, -10.985204264727814],
      [-19.035288047228757, -1.7110975273423004],
      [-29.83098909984015, -3.280459493407349],
      [-34.93211184170012, 7.6669510056920345],
      [-54.596621094748656, 33.380533921405444],
      [-27.656283835249504, 53.62591626264874],
      [-20.80303178560618, 41.07145014810665],
      [-12.488184676500497, 44.112789604155054],
      [-4.899602593448189, 29.08411940184987],
      [23.21067611296641, 31.493578738989353],
      [35.13188331458167, -9.521618042166653],
      [9.190995391324616, -14.300616703996916]
    ],
    "interiors": []
  }
}
