{
  "feasible_area": {
    "exterior": [
      [11.303146019162364, -15.142243292356392],
      [10.898374333724467, -15.028003927819848],
      [10.482430004715404, -15.090302121269982],
      [10.128889736344501, -15.318117898559835],
      [9.900291531747857, -15.671152756041558],
      [8.595980343706815, -19.107571346123773],
      [-12.257897142327986, -13.070042561855885],
      [-10.649605616647102, -4.310088341500309],
      [-10.66188372519233, -3.891581905489127],
      [-10.844426111147891, -3.5147839937885967],
      [-11.165233388343932, -3.24574667327285],
      [-18.577201057688818, 0.6787218751645949],
      [-14.015824319650545, 10.13445467581837],
      [-13.916839064917037, 10.594784793549184],
      [-14.039481632190295, 11.049384286110875],
      [-27.278863533850163, 35.21693345118935],
      [4.977576873173063, 52.972237149790956],
      [13.77823414844083, 31.22298505423215],
      [13.94946355691291, 30.943228982763387],
      [14.201999452094928, 30.733923962532266],
      [31.43943148021265, 20.696150660040832],
      [18.958455193108264, -19.195555640974707],
      [11.303146019162364, -15.142243292356392]
    ],
    "interiors": []
  },
  "expensive_areas": [],
  "valuable_areas": [
    {
      "polygon": {
        "exterior": [
          [10.835213068438044, -16.02600726176589],
          [9.203669134442222, -20.324573398992563],
          [-13.40478511229939, -13.779066772039595],
          [-11.63316633906825, -4.129510642682348],
          [-19.896373628931933, 0.2456699523991297],
          [-14.916504940858369, 10.568936457462536],
          [-28.63536642624972, 35.611741469041604],
          [5.4820809054765895, 54.3914217794565],
          [14.705219666116882, 31.598082175014042],
          [32.63200805376222, 21.158880002475044],
          [19.553638394368974, -20.6422154685322],
          [10.835213068438044, -16.02600726176589]
        ],
        "interiors": []
      },
      "penalty": 1.0
    }
  ],
  "touring_costs": { "distance": 1.0, "turn": 5.0 },
  "tool_radius": 1.0,
  "original_area": {
    "exterior": [
      [10.835213068438044, -16.02600726176589],
      [9.203669134442222, -20.324573398992563],
      [-13.40478511229939, -13.779066772039595],
      [-11.63316633906825, -4.129510642682348],
      [-19.896373628931933, 0.2456699523991297],
      [-14.916504940858369, 10.568936457462536],
      [-28.63536642624972, 35.611741469041604],
      [5.4820809054765895, 54.3914217794565],
      [14.705219666116882, 31.598082175014042],
      [32.63200805376222, 21.158880002475044],
      [19.553638394368974, -20.6422154685322],
      [10.835213068438044, -16.02600726176589]
    ],
    "interiors": []
  }
}
