{
  "feasible_area": {
    "exterior": [
      [-7.165146613616577, 5.392672859382525],
      [-6.788143144724781, 5.406555927255386],
      [-6.443111553846112, 5.559125768396238],
      [-6.1791582396518585, 5.828667978552419],
      [-6.033850187369145, 6.176820136483135],
      [-5.658228766422745, 7.977746924618408],
      [-5.687283089315048, 8.494540347538699],
      [-8.974059266656727, 18.481365482960364],
      [20.28486643014601, 18.94602678006475],
      [23.281397505953123, -6.786532853285056],
      [16.653424317229398, -5.660394390084484],
      [16.29953038601512, -5.663789110729851],
      [15.968981960265836, -5.790241382015187],
      [15.70318103640799, -6.023912748585562],
      [15.53541982835779, -6.335535301928686],
      [15.486710836539185, -6.686077557291097],
      [16.007282783258326, -19.751412552882858],
      [10.404915561513276, -19.290349006029793],
      [9.990463324619306, -19.343852244634846],
      [9.634064689405772, -19.56205688717385],
      [9.397958708978779, -19.90685714705521],
      [4.178109916417922, -32.60809706669299],
      [-14.456218961459504, -21.492430402503814],
      [-9.103254226765094, -8.101485624544026],
      [-9.031894210460376, -7.717516265715736],
      [-9.203508984862198, 5.7069117305474935],
      [-7.165146613616577, 5.392672859382525]
    ],
    "interiors": []
  },
  "expensive_areas": [],
  "valuable_areas": [
    {
      "polygon": {
        "exterior": [
          [-7.012784092396186, 6.380997533832863],
          [-6.637162671449786, 8.181924321968136],
          [-10.348791803556711, 19.459659436827273],
          [21.173516686428204, 19.96026553913135],
          [24.428978205677538, -7.995846231074575],
          [16.48591801815456, -6.646265395728859],
          [17.051478664900017, -20.840728536939174],
          [10.322894866803361, -20.286979632510487],
          [4.66208318884585, -34.06119611251544],
          [-15.701644233902194, -21.9139163497114],
          [-10.031812508110939, -7.7302989893535194],
          [-10.218525851311856, 6.875202433696899],
          [-7.012784092396186, 6.380997533832863]
        ],
        "interiors": []
      },
      "penalty": 1.0
    }
  ],
  "touring_costs": { "distance": 1.0, "turn": 50.0 },
  "tool_radius": 1.0,
  "original_area": {
    "exterior": [
      [-7.012784092396186, 6.380997533832863],
      [-6.637162671449786, 8.181924321968136],
      [-10.348791803556711, 19.459659436827273],
      [21.173516686428204, 19.96026553913135],
      [24.428978205677538, -7.995846231074575],
      [16.48591801815456, -6.646265395728859],
      [17.051478664900017, -20.840728536939174],
      [10.322894866803361, -20.286979632510487],
      [4.66208318884585, -34.06119611251544],
      [-15.701644233902194, -21.9139163497114],
      [-10.031812508110939, -7.7302989893535194],
      [-10.218525851311856, 6.875202433696899],
      [-7.012784092396186, 6.380997533832863]
    ],
    "interiors": []
  }
}
