{
  "feasible_area": {
    "exterior": [
      [22.396223461826864, -7.015553066371767],
      [21.91655752721072, -7.0329490659715805],
      [21.4591592509957, -7.162626494861226],
      [-2.7212215572446468, -20.88794379277389],
      [-15.178565697505089, 1.2423895609891233],
      [-10.885229493826776, 3.4201174796257887],
      [-10.59499675254537, 3.642214265293206],
      [-10.403947225521593, 3.953762182216927],
      [-10.337597874711363, 4.31315025931824],
      [-10.404810453853614, 4.672377896785856],
      [-17.63938415810438, 23.395389861075248],
      [-6.545078918202637, 24.743048385114694],
      [-6.208833919243866, 24.846197994677265],
      [-5.929099234783001, 25.059385817001324],
      [-5.740478196701994, 25.35624040307157],
      [-5.666303329507827, 25.70004067991035],
      [-5.5598289269079135, 28.679736747102382],
      [28.30849993331189, 21.132659136395674],
      [23.66420572743095, -0.974070037425095],
      [23.665170146033464, -1.3898022758430018],
      [23.83510980259296, -1.7692159515211996],
      [25.922508279834904, -4.629131174089789],
      [22.87886517396856, -6.356770110006944],
      [22.564950046849706, -6.636645444730578],
      [22.396223461826864, -7.015553066371767]
    ],
    "interiors": []
  },
  "expensive_areas": [],
  "valuable_areas": [
    {
      "polygon": {
        "exterior": [
          [24.642842472073603, -1.1796670267883353],
          [27.391294822145852, -4.945282840047824],
          [23.37250652945864, -7.226435684897613],
          [23.212808287991123, -7.986595488983095],
          [21.95280060648578, -8.032292069751895],
          [-3.1003581776259868, -22.253017390576375],
          [-16.56222438009229, 1.6618382375596683],
          [-11.337597153226065, 4.311949022423871],
          [-19.035166964454607, 24.23319076565253],
          [-6.665665505542631, 25.735751198122543],
          [-6.516241820320559, 29.917386937132623],
          [29.490244638794913, 21.89385117552667],
          [24.642842472073603, -1.1796670267883353]
        ],
        "interiors": []
      },
      "penalty": 1.0
    }
  ],
  "touring_costs": { "distance": 1.0, "turn": 5.0 },
  "tool_radius": 1.0,
  "original_area": {
    "exterior": [
      [24.642842472073603, -1.1796670267883353],
      [27.391294822145852, -4.945282840047824],
      [23.37250652945864, -7.226435684897613],
      [23.212808287991123, -7.986595488983095],
      [21.95280060648578, -8.032292069751895],
      [-3.1003581776259868, -22.253017390576375],
      [-16.56222438009229, 1.6618382375596683],
      [-11.337597153226065, 4.311949022423871],
      [-19.035166964454607, 24.23319076565253],
      [-6.665665505542631, 25.735751198122543],
      [-6.516241820320559, 29.917386937132623],
      [29.490244638794913, 21.89385117552667],
      [24.642842472073603, -1.1796670267883353]
    ],
    "interiors": []
  }
}
