{
  "feasible_area": {
    "exterior": [
      [-1.1824625744255828, -11.564356725630052],
      [-1.3392139958750793, -11.234842226328219],
      [-1.603750745804247, -10.98350356771501],
      [-1.9408495407920219, -10.843806696617747],
      [-2.3056254020975184, -10.834352365049197],
      [-9.142647840653892, -11.92062864095465],
      [-16.07421390651904, 10.65099736416993],
      [-8.717094847187052, 13.006300061624325],
      [-8.385293687537578, 13.18757178119792],
      [-8.14450931309846, 13.479075350452],
      [-8.029162198336726, 13.839139912687786],
      [-8.055741380083564, 14.21629371813004],
      [-9.94047705410731, 21.285657985863875],
      [8.421997970633392, 28.100133856584737],
      [22.07899889734922, -11.466279101924925],
      [0.08107852000291027, -16.303712162510028],
      [-1.1824625744255828, -11.564356725630052]
    ],
    "interiors": [
      [
        [0.6781037143223886, 11.17811216468564],
        [0.7071997727201399, 10.798024652133742],
        [0.8084945869512331, 10.4298706742248],
        [1.0403934884689718, 10.126521221752647],
        [1.3690860833540002, 9.932204035410223],
        [1.7466496516679992, 9.875250170551993],
        [5.462291931437234, 10.032812585830428],
        [5.835842014924672, 10.122512197777592],
        [6.148008677711226, 10.346426600846376],
        [6.352720588955169, 10.671509234420974],
        [6.419765200955304, 11.049782555260146],
        [6.332942698571491, 15.90815135349605],
        [6.245031041083371, 16.300632185249974],
        [6.009596985347956, 16.62673104789217],
        [5.664726619177101, 16.83369503836815],
        [5.2662095054216875, 16.888043661723437],
        [4.004093399075037, 16.803427610007418],
        [2.747244849105058, 17.939247010793537],
        [2.4225146098511803, 18.135647089915945],
        [2.0479883006286737, 18.196906889665332],
        [1.677606218965562, 18.114203607094034],
        [1.3647117994670988, 17.899448393858385],
        [-1.5467285457194972, 14.946857639168865],
        [-1.7576658635840556, 14.629557418101657],
        [-1.834609245319121, 14.256390299555072],
        [-1.7663885137821884, 13.881530440213274],
        [-1.562907544249795, 13.559397738682762],
        [0.6781037143223886, 11.17811216468564]
      ]
    ]
  },
  "expensive_areas": [],
  "valuable_areas": [
    {
      "polygon": {
        "exterior": [
          [-2.148712081139003, -11.821964743315979],
          [-9.843594500848281, -13.044539086684242],
          [-17.32024904454581, 11.30208742257237],
          [-9.021990886796985, 13.958685700444114],
          [-11.140999717723716, 21.90677386942581],
          [9.033405662403425, 29.393673020209476],
          [23.39074088116908, -12.201715110590268],
          [-0.6386769459894728, -17.485882805979134],
          [-2.148712081139003, -11.821964743315979]
        ],
        "interiors": [
          [
            [3.648080674907981, 15.777314586184255],
            [2.076763118780023, 17.197320970476614],
            [-0.8346772264065732, 14.244730215787094],
            [1.6211971559586966, 11.635132331838248],
            [1.6443066389286838, 11.657829545822638],
            [1.7042825640963541, 10.87435228239577],
            [5.419924843865589, 11.031914697674205],
            [5.333102341481776, 15.89028349591011],
            [3.648080674907981, 15.777314586184255]
          ]
        ]
      },
      "penalty": 1.0
    }
  ],
  "touring_costs": { "distance": 1.0, "turn": 5.0 },
  "tool_radius": 1.0,
  "original_area": {
    "exterior": [
      [-2.148712081139003, -11.821964743315979],
      [-9.843594500848281, -13.044539086684242],
      [-17.32024904454581, 11.30208742257237],
      [-9.021990886796985, 13.958685700444114],
      [-11.140999717723716, 21.90677386942581],
      [9.033405662403425, 29.393673020209476],
      [23.39074088116908, -12.201715110590268],
      [-0.6386769459894728, -17.485882805979134],
      [-2.148712081139003, -11.821964743315979]
    ],
    "interiors": [
      [
        [3.648080674907981, 15.777314586184255],
        [2.076763118780023, 17.197320970476614],
        [-0.8346772264065732, 14.244730215787094],
        [1.6211971559586966, 11.635132331838248],
        [1.6443066389286838, 11.657829545822638],
        [1.7042825640963541, 10.87435228239577],
        [5.419924843865589, 11.031914697674205],
        [5.333102341481776, 15.89028349591011],
        [3.648080674907981, 15.777314586184255]
      ]
    ]
  }
}
