{
  "feasible_area": {
    "exterior": [
      [-9.739629422676611, -21.840642946976793],
      [-9.802274331865696, -21.51844111801239],
      [-9.96586862258911, -21.23387950556613],
      [-10.212786907185894, -21.017616323385027],
      [-31.824566626391785, -7.634715875649722],
      [-4.20039225266441, 31.149544185454097],
      [26.975806008359655, 0.13556203871245265],
      [27.310605495454105, -0.08433740973766868],
      [27.704844057596368, -0.15520644463568178],
      [30.231628994176436, -0.0951073680481549],
      [27.048439850264636, -42.73001095173062],
      [-9.292249258059668, -38.30360095504941],
      [-9.739629422676611, -21.840642946976793]
    ],
    "interiors": []
  },
  "expensive_areas": [],
  "valuable_areas": [
    {
      "polygon": {
        "exterior": [
          [-10.739260387931887, -21.867807874784592],
          [-33.257875295581925, -7.9233578829057185],
          [-4.330949545432837, 32.6899613020847],
          [27.681065981591647, 0.8445108169445681],
          [31.311011768707342, 0.9308483547026114],
          [27.967650460048276, -43.84936438029136],
          [-10.268473929777688, -39.19208441708056],
          [-10.739260387931887, -21.867807874784592]
        ],
        "interiors": []
      },
      "penalty": 1.0
    }
  ],
  "touring_costs": { "distance": 1.0, "turn": 5.0 },
  "tool_radius": 1.0,
  "original_area": {
    "exterior": [
      [-10.739260387931887, -21.867807874784592],
      [-33.257875295581925, -7.9233578829057185],
      [-4.330949545432837, 32.6899613020847],
      [27.681065981591647, 0.8445108169445681],
      [31.311011768707342, 0.9308483547026114],
      [27.967650460048276, -43.84936438029136],
      [-10.268473929777688, -39.19208441708056],
      [-10.739260387931887, -21.867807874784592]
    ],
    "interiors": []
  }
}
