{
  "feasible_area": {
    "exterior": [
      [11.75589402541622, -1.716717064052902],
      [11.355609779585116, -1.6944990459235054],
      [10.978766169184883, -1.8312835885103436],
      [10.68592992051113, -2.1050865272324426],
      [10.524166002780184, -2.4719019477241515],
      [6.744421756642176, -19.90386386314897],
      [-11.030528497664912, -12.888097615350938],
      [-9.758508235871096, 3.0925322400301507],
      [-9.791267675801526, 3.437463198182585],
      [-9.939766364432012, 3.7505106167497058],
      [-10.1861769529939, 3.9940929819592927],
      [-10.500917715593882, 4.138968097677948],
      [-17.185573716465964, 5.897676461259824],
      [-5.952860361679846, 32.609088986923986],
      [19.733858200662585, 25.441397468747628],
      [15.095436965447986, -2.595338506713292],
      [11.75589402541622, -1.716717064052902]
    ],
    "interiors": []
  },
  "expensive_areas": [],
  "valuable_areas": [
    {
      "polygon": {
        "exterior": [
          [11.50145642222403, -2.6838062564657905],
          [7.472262021553951, -21.266217861189805],
          [-12.086101757512083, -13.546538959130558],
          [-10.755355318786073, 3.1718789052650593],
          [-18.553844972023207, 5.2236327987586915],
          [-6.533018181386033, 33.809180489909494],
          [20.86690510237746, 26.163431686182],
          [15.902816292205467, -3.8417878210309873],
          [11.50145642222403, -2.6838062564657905]
        ],
        "interiors": []
      },
      "penalty": 1.0
    }
  ],
  "touring_costs": { "distance": 1.0, "turn": 5.0 },
  "tool_radius": 1.0,
  "original_area": {
    "exterior": [
      [11.50145642222403, -2.6838062564657905],
      [7.472262021553951, -21.266217861189805],
      [-12.086101757512083, -13.546538959130558],
      [-10.755355318786073, 3.1718789052650593],
      [-18.553844972023207, 5.2236327987586915],
      [-6.533018181386033, 33.809180489909494],
      [20.86690510237746, 26.163431686182],
      [15.902816292205467, -3.8417878210309873],
      [11.50145642222403, -2.6838062564657905]
    ],
    "interiors": []
  }
}
