{
  "feasible_area": {
    "exterior": [
      [22.367907781246817, -2.0712146130813367],
      [22.120331293061856, -2.1929435248959837],
      [-4.984650594802643, -25.87724379987633],
      [-17.973461040012765, -10.533693362242543],
      [-18.245375912413504, -10.308829827520581],
      [-18.578461884390382, -10.192403703508047],
      [-18.93124931706215, -10.198910194822801],
      [-22.56921950351446, -10.920442844408662],
      [-22.00752778272052, -6.262954052578192],
      [-22.04244220651815, -5.856092545628033],
      [-22.237090169149145, -5.497111385299977],
      [-24.26890103551296, -3.096953754292121],
      [-21.56875265244194, -0.6175522639866493],
      [-21.355362300273516, -0.3374319804350466],
      [-21.252303083412606, -0.0007101167617628301],
      [-17.711624782218617, 29.358222715609575],
      [23.104947636908765, 35.294895404209406],
      [22.46249549743339, 7.3904237491469384],
      [22.538187740873223, 6.98511761252684],
      [22.770969464120494, 6.644801510320536],
      [27.288625063608936, 2.3231052987983776],
      [22.57595696439182, -1.794818366302911],
      [22.367907781246817, -2.0712146130813367]
    ],
    "interiors": []
  },
  "expensive_areas": [],
  "valuable_areas": [
    {
      "polygon": {
        "exterior": [
          [22.778323440399603, -2.945968314688365],
          [-5.0915779755834585, -27.298654344918653],
          [-18.736704887270417, -11.179803902029148],
          [-23.727109763666352, -12.169570136612709],
          [-23.000334016406796, -6.143221925086581],
          [-25.65271095263482, -3.0099958708377867],
          [-22.245109317098883, 0.1190220107298483],
          [-18.612809639196136, 30.237669681892026],
          [24.13191715126102, 36.45478780520733],
          [23.462230567309465, 7.367406580340091],
          [28.770173399944163, 2.2897029073617654],
          [23.23394911172957, -2.547843156095292],
          [23.22683098647892, -2.8570140843081973],
          [22.778323440399603, -2.945968314688365]
        ],
        "interiors": []
      },
      "penalty": 1.0
    }
  ],
  "touring_costs": { "distance": 1.0, "turn": 5.0 },
  "tool_radius": 1.0,
  "original_area": {
    "exterior": [
      [22.778323440399603, -2.945968314688365],
      [-5.0915779755834585, -27.298654344918653],
      [-18.736704887270417, -11.179803902029148],
      [-23.727109763666352, -12.169570136612709],
      [-23.000334016406796, -6.143221925086581],
      [-25.65271095263482, -3.0099958708377867],
      [-22.245109317098883, 0.1190220107298483],
      [-18.612809639196136, 30.237669681892026],
      [24.13191715126102, 36.45478780520733],
      [23.462230567309465, 7.367406580340091],
      [28.770173399944163, 2.2897029073617654],
      [23.23394911172957, -2.547843156095292],
      [23.22683098647892, -2.8570140843081973],
      [22.778323440399603, -2.945968314688365]
    ],
    "interiors": []
  }
}
