{
  "feasible_area": {
    "exterior": [
      [11.838783560454106, 3.6797952583720672],
      [11.709634889472474, 3.3793596966529926],
      [11.684317516987793, 3.0533229861244915],
      [11.765538905750143, 2.736551787987273],
      [19.22280423806118, -14.177974233672195],
      [-1.4490206970513857, -20.689796183791472],
      [-11.16958075824829, 3.985212315686174],
      [-11.435380914425755, 4.365877635626534],
      [-11.844440953423998, 4.585481126773684],
      [-15.43829265838344, 5.535419866050239],
      [-15.729124973589848, 5.568000477014463],
      [-24.118728513505182, 5.271785237140124],
      [-24.62967021084231, 28.24150966239927],
      [-8.038918000003727, 28.24558379003058],
      [-7.694578428404869, 28.306828689145874],
      [-7.3923887445683505, 28.48290274521125],
      [-7.169312995577138, 28.752268460268933],
      [-1.8750289485440996, 38.08754754620057],
      [26.228059176408962, 26.117399922245706],
      [11.838783560454106, 3.6797952583720672]
    ],
    "interiors": []
  },
  "expensive_areas": [],
  "valuable_areas": [
    {
      "polygon": {
        "exterior": [
          [12.680557078349969, 3.1399644102638637],
          [20.588276757813926, -14.79627955181472],
          [-2.037734967559503, -21.92368897306428],
          [-12.099987837332916, 3.618684462461874],
          [-15.69383954229236, 4.568623201738429],
          [-25.095950392607534, 4.236658942926821],
          [-25.65215613351385, 29.241258604589277],
          [-8.039163566175574, 29.245583759879207],
          [-2.304484154134213, 39.35740101489669],
          [27.708649478014475, 26.573694162577073],
          [12.680557078349969, 3.1399644102638637]
        ],
        "interiors": []
      },
      "penalty": 1.0
    }
  ],
  "touring_costs": { "distance": 1.0, "turn": 50.0 },
  "tool_radius": 1.0,
  "original_area": {
    "exterior": [
      [12.680557078349969, 3.1399644102638637],
      [20.588276757813926, -14.79627955181472],
      [-2.037734967559503, -21.92368897306428],
      [-12.099987837332916, 3.618684462461874],
      [-15.69383954229236, 4.568623201738429],
      [-25.095950392607534, 4.236658942926821],
      [-25.65215613351385, 29.241258604589277],
      [-8.039163566175574, 29.245583759879207],
      [-2.304484154134213, 39.35740101489669],
      [27.708649478014475, 26.573694162577073],
      [12.680557078349969, 3.1399644102638637]
    ],
    "interiors": []
  }
}
