{
  "feasible_area": {
    "exterior": [
      [-2.8245018903318355, -8.833280992408927],
      [-2.995597607445964, -8.495477855822175],
      [-3.2800266693184277, -8.245508233137748],
      [-3.637006299245109, -8.119213944588918],
      [-14.064229870877313, -6.547956348232744],
      [-12.051998113980499, 11.011655234394889],
      [-9.353647000613057, 10.205085981599874],
      [-9.01098968570983, 10.164782909762174],
      [-8.675030185926461, 10.243329631918819],
      [24.34379729822978, 24.32231848380087],
      [34.750060588312365, -9.110501457773521],
      [0.5043548007773684, -20.48207106863369],
      [-2.8245018903318355, -8.833280992408927]
    ],
    "interiors": []
  },
  "expensive_areas": [],
  "valuable_areas": [
    {
      "polygon": {
        "exterior": [
          [-3.78601207976968, -9.108050269452777],
          [-15.167609296444443, -7.392980005301228],
          [-12.909563701082403, 12.31171029914358],
          [-9.067255702691549, 11.163198722604205],
          [24.96967946838287, 25.676301317047663],
          [35.99652292534216, -9.750293373458376],
          [-0.1705239659568818, -21.759860175651433],
          [-3.78601207976968, -9.108050269452777]
        ],
        "interiors": []
      },
      "penalty": 1.0
    }
  ],
  "touring_costs": { "distance": 1.0, "turn": 50.0 },
  "tool_radius": 1.0,
  "original_area": {
    "exterior": [
      [-3.78601207976968, -9.108050269452777],
      [-15.167609296444443, -7.392980005301228],
      [-12.909563701082403, 12.31171029914358],
      [-9.067255702691549, 11.163198722604205],
      [24.96967946838287, 25.676301317047663],
      [35.99652292534216, -9.750293373458376],
      [-0.1705239659568818, -21.759860175651433],
      [-3.78601207976968, -9.108050269452777]
    ],
    "interiors": []
  }
}
