{
  "feasible_area": {
    "exterior": [
      [15.755798048914428, 8.05310776008727],
      [16.21921148777736, 7.727618166073189],
      [16.396268187340993, 7.667911849703204],
      [16.386920355852215, 7.61601086678171],
      [16.44135098385522, 7.282212435269753],
      [16.603935780917865, 6.9856483276829735],
      [33.07951216123024, -13.75038162103608],
      [9.912410938669405, -29.005714324865203],
      [-11.803059938107966, -12.345328518338693],
      [-9.184835270040686, -8.459464844253322],
      [-9.039389376557997, -8.1239296425778],
      [-9.024306669002087, -7.758538220364313],
      [-9.141604284239868, -7.412157434300854],
      [-9.375595029290883, -7.1311116894035464],
      [-9.69498536109532, -6.952987588158759],
      [-15.77815930361063, -4.904291113334752],
      [-5.015259828325886, 14.888217372278243],
      [3.6831543521617367, 11.954974686419249],
      [4.111608901016513, 11.908497756663868],
      [4.519833798547904, 12.046649262154482],
      [4.832008044354524, 12.343769853310505],
      [8.280345360572028, 17.461653309421276],
      [15.755798048914428, 8.05310776008727]
    ],
    "interiors": []
  },
  "expensive_areas": [],
  "valuable_areas": [
    {
      "polygon": {
        "exterior": [
          [16.538748358220253, 8.675192009331624],
          [17.639553845272104, 8.303983007730913],
          [17.38688609022369, 7.607732576927328],
          [34.54258585015698, -13.984295270930229],
          [9.868174518526946, -30.232178444530806],
          [-13.1577980842012, -12.566359024413742],
          [-10.01415209179058, -7.900686167886143],
          [-17.22523342705685, -5.472132085620228],
          [-5.492216123676986, 16.104381294650494],
          [4.00269122260463, 12.902548529677684],
          [8.213945617428081, 19.15272280798233],
          [16.538748358220253, 8.675192009331624]
        ],
        "interiors": []
      },
      "penalty": 1.0
    }
  ],
  "touring_costs": { "distance": 1.0, "turn": 5.0 },
  "tool_radius": 1.0,
  "original_area": {
    "exterior": [
      [16.538748358220253, 8.675192009331624],
      [17.639553845272104, 8.303983007730913],
      [17.38688609022369, 7.607732576927328],
      [34.54258585015698, -13.984295270930229],
      [9.868174518526946, -30.232178444530806],
      [-13.1577980842012, -12.566359024413742],
      [-10.01415209179058, -7.900686167886143],
      [-17.22523342705685, -5.472132085620228],
      [-5.492216123676986, 16.104381294650494],
      [4.00269122260463, 12.902548529677684],
      [8.213945617428081, 19.15272280798233],
      [16.538748358220253, 8.675192009331624]
    ],
    "interiors": []
  }
}
