{
  "feasible_area": {
    "exterior": [
      [-7.640803828867923, 8.41363797336318],
      [-7.166734181530424, 8.463999536126908],
      [-6.769854566710239, 8.728129975249109],
      [0.7448482264891954, 16.910260404744715],
      [18.316817103077938, 5.930068132070264],
      [11.905924390922277, -4.931610980329033],
      [11.774357075926156, -5.319707344009813],
      [11.809500979679383, -5.727988683170092],
      [12.00545443049943, -6.087892824559494],
      [22.67830036068899, -18.63291788578811],
      [23.07529395139694, -18.91607326504614],
      [24.399999512212965, -19.43486195630052],
      [19.533658627533356, -38.57696392647413],
      [-0.5070420800455552, -30.090330712511832],
      [0.7064963525488238, -25.48183175818053],
      [0.717903306449761, -25.020661750268353],
      [0.521090200134977, -24.60344178912347],
      [-6.364360819483402, -15.975127243626066],
      [-6.638506204826479, -15.73720990992679],
      [-6.979517719311372, -15.612825437551026],
      [-29.56630311393736, -11.799561973986908],
      [-22.466222414622244, 10.425055482334331],
      [-7.640803828867923, 8.41363797336318]
    ],
    "interiors": []
  },
  "expensive_areas": [],
  "valuable_areas": [
    {
      "polygon": {
        "exterior": [
          [-7.506361970735988, 9.404559457024742],
          [0.5702701113578792, 18.198527621214104],
          [19.67359527590363, 6.261437086436586],
          [12.767106815574225, -5.4399069880554265],
          [23.439952745763787, -17.984932049284044],
          [25.586683763028482, -18.8256470035082],
          [20.21593915774998, -39.95185729709095],
          [-1.6946627896582918, -30.673377221069398],
          [-0.26053812034170476, -25.227186262949733],
          [-7.145989139960084, -16.59887171745233],
          [-30.869780726323548, -12.59365069582728],
          [-23.16339897378808, 11.52880560794351],
          [-7.506361970735988, 9.404559457024742]
        ],
        "interiors": []
      },
      "penalty": 1.0
    }
  ],
  "touring_costs": { "distance": 1.0, "turn": 1.0 },
  "tool_radius": 1.0,
  "original_area": {
    "exterior": [
      [-7.506361970735988, 9.404559457024742],
      [0.5702701113578792, 18.198527621214104],
      [19.67359527590363, 6.261437086436586],
      [12.767106815574225, -5.4399069880554265],
      [23.439952745763787, -17.984932049284044],
      [25.586683763028482, -18.8256470035082],
      [20.21593915774998, -39.95185729709095],
      [-1.6946627896582918, -30.673377221069398],
      [-0.26053812034170476, -25.227186262949733],
      [-7.145989139960084, -16.59887171745233],
      [-30.869780726323548, -12.59365069582728],
      [-23.16339897378808, 11.52880560794351],
      [-7.506361970735988, 9.404559457024742]
    ],
    "interiors": []
  }
}
