{
  "feasible_area": {
    "exterior": [
      [1.6333341940716246, 26.27997066512673],
      [1.773071753105854, 26.106172297337444],
      [2.178449536836407, 25.91462831981363],
      [2.6267762815502707, 25.919462866556447],
      [12.912374552704268, 28.402544038154222],
      [14.828386756821866, 21.997385158114604],
      [15.019046996081167, 21.642797068708756],
      [15.33408949449216, 21.39213342120904],
      [15.722450891146085, 21.286022792279056],
      [16.12118400189987, 21.341664021340907],
      [16.17433856454201, 21.360546502311184],
      [22.628229787168006, -9.320692380547827],
      [-5.83282435875387, -20.548637339529808],
      [-7.673844654084603, -17.20006317026886],
      [-7.899439291808468, -16.92250564949952],
      [-8.208278466730627, -16.74209089971785],
      [-8.560852037950314, -16.68189958155004],
      [-8.912054874357501, -16.74963203761749],
      [-12.403905174544247, -18.105293775909992],
      [-29.698477150243416, 4.670630116429765],
      [-8.697862203773816, 19.15461366667088],
      [-8.418545975150533, 19.446331170032447],
      [-8.277401048102027, 19.824742014100522],
      [-8.297450511328929, 20.228121086889573],
      [-9.040665496160553, 23.102786166262124],
      [0.11377875574466223, 25.31279160873572],
      [0.4468611454550362, 25.461668145759027],
      [1.6333341940716246, 26.27997066512673]
    ],
    "interiors": []
  },
  "expensive_areas": [],
  "valuable_areas": [
    {
      "polygon": {
        "exterior": [
          [15.78644062203479, 22.283973349341274],
          [16.91746184508473, 22.6857542249549],
          [23.78061438850924, -9.94107746630357],
          [-6.284911857424998, -21.80199000037245],
          [-8.550137406241133, -17.68184217823614],
          [-12.744551562532411, -19.310264446490994],
          [-31.127913846473522, 4.899531601232536],
          [-9.265616432748923, 19.977811781027857],
          [-10.263208266923524, 23.836375544806955],
          [-0.12089308352007055, 26.284866260116004],
          [1.983068549774865, 27.735954514658054],
          [2.3921044422855378, 26.891537517936733],
          [13.598853623854135, 29.596996855738546],
          [15.78644062203479, 22.283973349341274]
        ],
        "interiors": []
      },
      "penalty": 1.0
    }
  ],
  "touring_costs": { "distance": 1.0, "turn": 5.0 },
  "tool_radius": 1.0,
  "original_area": {
    "exterior": [
      [15.78644062203479, 22.283973349341274],
      [16.91746184508473, 22.6857542249549],
      [23.78061438850924, -9.94107746630357],
      [-6.284911857424998, -21.80199000037245],
      [-8.550137406241133, -17.68184217823614],
      [-12.744551562532411, -19.310264446490994],
      [-31.127913846473522, 4.899531601232536],
      [-9.265616432748923, 19.977811781027857],
      [-10.263208266923524, 23.836375544806955],
      [-0.12089308352007055, 26.284866260116004],
      [1.983068549774865, 27.735954514658054],
      [2.3921044422855378, 26.891537517936733],
      [13.598853623854135, 29.596996855738546],
      [15.78644062203479, 22.283973349341274]
    ],
    "interiors": []
  }
}
