{
  "feasible_area": {
    "exterior": [
      [-11.429184336062704, 10.533585258204115],
      [-11.077852607040052, 10.801806814703927],
      [-10.876468040557818, 11.195279867875284],
      [-10.372129149864458, 13.16873460433623],
      [-7.598664879301276, 12.517488530186164],
      [-7.270948780439824, 12.495934527048615],
      [-7.160951307301275, 12.525696493783226],
      [-7.061512418051502, 12.441626362098935],
      [-6.771883137833339, 12.32334924776425],
      [17.57109583132173, 6.607295987211273],
      [8.018947834232044, -17.165382224307592],
      [7.275854419099879, -16.7236700893444],
      [6.9346729216111855, -16.59778950937935],
      [6.571037208331324, -16.602239528301432],
      [6.233038369483243, -16.73643162783903],
      [5.965376999812389, -16.982618804245277],
      [5.803451512092741, -17.308242622581275],
      [5.768676671032316, -17.670239093655486],
      [6.326258202392933, -24.057252360640106],
      [-18.49798209319196, -22.767695247468048],
      [-17.28017402046806, -14.906757822610336],
      [-17.287756067521414, -14.557794647850775],
      [-17.41481097163077, -14.232694915280057],
      [-27.923396841763644, 2.9849217882477745],
      [-11.429184336062704, 10.533585258204115]
    ],
    "interiors": []
  },
  "expensive_areas": [],
  "valuable_areas": [
    {
      "polygon": {
        "exterior": [
          [-11.845329463925767, 11.442883467020032],
          [-11.098186041349269, 14.366421098774282],
          [-7.370069174690123, 13.49100997516482],
          [-6.897424775613283, 13.707318180746483],
          [-6.5432874332221855, 13.296870692742907],
          [18.933043100816757, 7.314691502573184],
          [8.511556751690105, -18.621531589762377],
          [6.764887734011795, -17.583270605124895],
          [7.422449725353275, -25.11554512704874],
          [-19.655721624478673, -23.708901940385818],
          [-18.268385848543563, -14.753665096291709],
          [-29.363815415823076, 3.425455844554051],
          [-11.845329463925767, 11.442883467020032]
        ],
        "interiors": []
      },
      "penalty": 1.0
    }
  ],
  "touring_costs": { "distance": 1.0, "turn": 5.0 },
  "tool_radius": 1.0,
  "original_area": {
    "exterior": [
      [-11.845329463925767, 11.442883467020032],
      [-11.098186041349269, 14.366421098774282],
      [-7.370069174690123, 13.49100997516482],
      [-6.897424775613283, 13.707318180746483],
      [-6.5432874332221855, 13.296870692742907],
      [18.933043100816757, 7.314691502573184],
      [8.511556751690105, -18.621531589762377],
      [6.764887734011795, -17.583270605124895],
      [7.422449725353275, -25.11554512704874],
      [-19.655721624478673, -23.708901940385818],
      [-18.268385848543563, -14.753665096291709],
      [-29.363815415823076, 3.425455844554051],
      [-11.845329463925767, 11.442883467020032]
    ],
    "interiors": []
  }
}
