{
  "feasible_area": {
    "exterior": [
      [-2.6705060068350255, 17.357007945608515],
      [-2.3297288312552706, 17.16145389667822],
      [-1.9399186056881417, 17.112276081634736],
      [18.73121204891786, 18.608176694427314],
      [23.564530442208113, -4.0746098233093715],
      [23.66752486780473, -4.350241017739044],
      [23.846281333278718, -4.583964215342428],
      [31.67553900063543, -12.179062438915464],
      [26.76363864596004, -16.758506325320276],
      [26.55716439869454, -17.03085228551768],
      [26.454458157268366, -17.35682063488891],
      [26.467516415016046, -17.698336986948792],
      [26.855402277117328, -19.518687207514795],
      [23.782933832426618, -19.818767184156684],
      [23.468845952694885, -19.90252827565816],
      [23.19821819261372, -20.08260529284066],
      [-2.758131978499522, -44.28212900495033],
      [-12.764690980617438, -33.101572501714976],
      [-13.062568768527203, -32.87407451210317],
      [-13.423281589048518, -32.772227701063336],
      [-13.796154156262125, -32.81034017181716],
      [-14.128802903851504, -32.983057636292074],
      [-14.652750597598827, -33.395967130218985],
      [-14.744458586279999, -33.27744121904898],
      [-15.015835308772298, -33.03493162271343],
      [-15.356025876871641, -32.905600237498014],
      [-15.7199699305054, -32.90657781108648],
      [-16.059460812461836, -33.03773485776691],
      [-31.239932017802428, -42.379727468849545],
      [-51.43420469332976, -15.547380189878693],
      [-37.42092094173573, -5.677212137479063],
      [-37.145937974968305, -5.385099165389434],
      [-37.00789176870224, -5.008417780913385],
      [-37.029000255259255, -4.607793203196889],
      [-37.205866116173155, -4.247704203478163],
      [-39.252834307346696, -1.6021465646738102],
      [-16.298501902499172, 29.27846378404297],
      [-2.6705060068350255, 17.357007945608515]
    ],
    "interiors": []
  },
  "expensive_areas": [],
  "valuable_areas": [
    {
      "polygon": {
        "exterior": [
          [-2.012096513608364, 18.109667855015818],
          [19.52773938701877, 19.66843376199924],
          [24.54257318949379, -3.866205445999573],
          [33.126551465501365, -12.193451900937877],
          [27.445559162301723, -17.489932609638995],
          [28.066739974336798, -20.405137154795014],
          [23.880138708955403, -20.81403157715938],
          [-2.8226693018263607, -45.709489966990105],
          [-13.509836138206662, -33.76847481399267],
          [-14.82622680994694, -34.80588792328773],
          [-15.535356706125267, -33.88938906325241],
          [-31.491351123713716, -43.70863511532137],
          [-52.853803957399265, -15.324114297261373],
          [-37.99676423601842, -4.859652047681586],
          [-40.50784601053205, -1.6142613284353204],
          [-16.45509026129291, 30.74406497811644],
          [-2.012096513608364, 18.109667855015818]
        ],
        "interiors": []
      },
      "penalty": 1.0
    }
  ],
  "touring_costs": { "distance": 1.0, "turn": 50.0 },
  "tool_radius": 1.0,
  "original_area": {
    "exterior": [
      [-2.012096513608364, 18.109667855015818],
      [19.52773938701877, 19.66843376199924],
      [24.54257318949379, -3.866205445999573],
      [33.126551465501365, -12.193451900937877],
      [27.445559162301723, -17.489932609638995],
      [28.066739974336798, -20.405137154795014],
      [23.880138708955403, -20.81403157715938],
      [-2.8226693018263607, -45.709489966990105],
      [-13.509836138206662, -33.76847481399267],
      [-14.82622680994694, -34.80588792328773],
      [-15.535356706125267, -33.88938906325241],
      [-31.491351123713716, -43.70863511532137],
      [-52.853803957399265, -15.324114297261373],
      [-37.99676423601842, -4.859652047681586],
      [-40.50784601053205, -1.6142613284353204],
      [-16.45509026129291, 30.74406497811644],
      [-2.012096513608364, 18.109667855015818]
    ],
    "interiors": []
  }
}
