{
  "feasible_area": {
    "exterior": [
      [15.817538982485043, 1.623062708740789],
      [15.484898368500218, 1.3872077810162655],
      [15.2740677103982, 1.0381694470063647],
      [15.220103366037048, 0.633984867214151],
      [16.942417853076318, -23.04893786166937],
      [-11.917540773336398, -26.616949871070968],
      [-16.266045253991035, 22.593785346391908],
      [-7.498043997553434, 24.31239697523811],
      [-7.114331420605149, 24.476317425718992],
      [-6.830914249294385, 24.78255256870613],
      [-6.6971369027286585, 25.1777852562966],
      [-6.736290720051257, 25.59320340031924],
      [-9.972912321101, 35.904643458707135],
      [23.00443195922033, 48.287568711866086],
      [35.88736711428231, 10.38044064437113],
      [15.817538982485043, 1.623062708740789]
    ],
    "interiors": []
  },
  "expensive_areas": [],
  "valuable_areas": [
    {
      "polygon": {
        "exterior": [
          [16.217469426398647, 0.7065172161267739],
          [18.008748949582824, -23.92471874724749],
          [-12.822513069182303, -27.736446774025854],
          [-17.341363372491585, 23.402041585086454],
          [-7.690393327409989, 25.29372349342853],
          [-11.210443409831296, 36.508128481530456],
          [23.61913478812736, 49.586563778145376],
          [37.13005661480459, 9.831629220974401],
          [16.217469426398647, 0.7065172161267739]
        ],
        "interiors": []
      },
      "penalty": 1.0
    }
  ],
  "touring_costs": { "distance": 1.0, "turn": 1.0 },
  "tool_radius": 1.0,
  "original_area": {
    "exterior": [
      [16.217469426398647, 0.7065172161267739],
      [18.008748949582824, -23.92471874724749],
      [-12.822513069182303, -27.736446774025854],
      [-17.341363372491585, 23.402041585086454],
      [-7.690393327409989, 25.29372349342853],
      [-11.210443409831296, 36.508128481530456],
      [23.61913478812736, 49.586563778145376],
      [37.13005661480459, 9.831629220974401],
      [16.217469426398647, 0.7065172161267739]
    ],
    "interiors": []
  }
}
