{
  "feasible_area": {
    "exterior": [
      [-20.672093194600656, -4.0727350841311605],
      [-20.78586126511403, -3.7457099600540618],
      [-21.00433200542046, -3.4770854241755655],
      [-30.132168924592445, 4.432261523376385],
      [-8.944383955102976, 24.64300265168252],
      [0.9997393081649883, 15.859669416123458],
      [1.320568490750238, 15.669168046255754],
      [1.6888972442953345, 15.609535289890589],
      [2.0534460528637233, 15.68907334676376],
      [2.3634616525336782, 15.89670875867866],
      [2.575783009226687, 16.203534080012854],
      [2.660850290077633, 16.56683243405319],
      [3.387698807740559, 33.72073303623089],
      [34.10486155437105, 35.69670237489896],
      [33.09539117908732, 18.437241980742673],
      [33.13230807474888, 18.103619104204345],
      [33.27754051747208, 17.80100611949344],
      [61.49629920733353, -22.054803742641543],
      [40.218367627073846, -32.45531440189779],
      [39.9121614291121, -32.687055949674416],
      [39.71586885930171, -33.01710989628515],
      [39.658436472458355, -33.396804380808646],
      [39.688891535412864, -34.103225824906445],
      [37.3466748410885, -33.99554835603428],
      [36.86161005506093, -34.09607505462254],
      [34.13393235739725, -35.42934567176682],
      [33.797018412231445, -35.69709839809501],
      [13.584246945546187, -60.5695821913432],
      [-7.209177601766422, -40.24311074452813],
      [-3.0188531214732937, -33.637767003240384],
      [-2.8740976003041143, -33.24883383518711],
      [-2.8997006439335884, -32.834626575137484],
      [-3.091252815023104, -32.466481310504335],
      [-3.415764391424082, -32.207801185827805],
      [-3.817346960707809, -32.103136912226944],
      [-16.218287100709084, -31.53303515812953],
      [-20.672093194600656, -4.0727350841311605]
    ],
    "interiors": []
  },
  "expensive_areas": [],
  "valuable_areas": [
    {
      "polygon": {
        "exterior": [
          [-21.65919421638912, -4.232833718679255],
          [-31.61821082313835, 4.396737372119398],
          [-8.970382492017906, 26.000194089172446],
          [1.661746784773399, 16.60916664821612],
          [2.426641722597296, 34.66097719153046],
          [35.16918375852484, 36.7672348451655],
          [34.09368513504695, 18.37885381846228],
          [62.99201585309561, -22.43677478838546],
          [40.65750845449671, -33.35373264174511],
          [40.73505113587947, -35.1523765336803],
          [37.30075088248379, -34.99449329446986],
          [34.57307318482011, -36.32776391161414],
          [13.669027615727032, -62.05088335060589],
          [-8.487702164957199, -40.39172209907065],
          [-3.8632709193125154, -33.10208185066253],
          [-17.07538337876232, -32.49468850762331],
          [-21.65919421638912, -4.232833718679255]
        ],
        "interiors": []
      },
      "penalty": 1.0
    }
  ],
  "touring_costs": { "distance": 1.0, "turn": 5.0 },
  "tool_radius": 1.0,
  "original_area": {
    "exterior": [
      [-21.65919421638912, -4.232833718679255],
      [-31.61821082313835, 4.396737372119398],
      [-8.970382492017906, 26.000194089172446],
      [1.661746784773399, 16.60916664821612],
      [2.426641722597296, 34.66097719153046],
      [35.16918375852484, 36.7672348451655],
      [34.09368513504695, 18.37885381846228],
      [62.99201585309561, -22.43677478838546],
      [40.65750845449671, -33.35373264174511],
      [40.73505113587947, -35.1523765336803],
      [37.30075088248379, -34.99449329446986],
      [34.57307318482011, -36.32776391161414],
      [13.669027615727032, -62.05088335060589],
      [-8.487702164957199, -40.39172209907065],
      [-3.8632709193125154, -33.10208185066253],
      [-17.07538337876232, -32.49468850762331],
      [-21.65919421638912, -4.232833718679255]
    ],
    "interiors": []
  }
}
