{
  "feasible_area": {
    "exterior": [
      [-5.4060677574869045, 26.37596551276667],
      [-5.099629585584368, 26.36001794353935],
      [-4.759091963598364, 26.468049520779815],
      [-4.478261781208175, 26.688891324629623],
      [8.240625883609507, 41.05041487791337],
      [34.91106414442343, 23.17678791627588],
      [20.811927560986174, 10.168154749602696],
      [20.595985794395, 9.881155306041226],
      [20.4953766045248, 9.536369404245967],
      [20.523078529297095, 9.17827426252101],
      [20.67551803351475, 8.853063984828278],
      [20.89800877023465, 8.636741358947782],
      [18.04674824792682, 0.8892005965271035],
      [17.986920670662826, 0.4854092706488582],
      [18.093435320806325, 0.09135165663715944],
      [27.58506032192733, -18.61562738293497],
      [16.178264505087924, -22.635842750534373],
      [15.77415952584291, -22.902549190271984],
      [-9.875017285959837, -50.82959481706161],
      [-27.57092826994711, -38.49623388614647],
      [-28.00820696784984, -38.325723030340434],
      [-28.47511624084331, -38.37349689746381],
      [-29.949816513034754, -38.893240810834726],
      [-30.431350901129356, -36.8167022938319],
      [-30.577347116968536, -36.48210115456889],
      [-30.833713830683408, -36.22219939325415],
      [-41.88661916869586, -28.518754739158673],
      [-34.53417793345585, -21.22309868863477],
      [-34.338190351512836, -20.948426928333625],
      [-34.244712515338286, -20.624208479865736],
      [-34.26438741016924, -20.287357464287346],
      [-38.276784713986785, -2.9845484585500652],
      [-16.171794507291047, 6.8333680892246065],
      [-15.85894575139797, 7.052023493291608],
      [-15.65080949770599, 7.371966972191582],
      [-15.577707978466803, 7.746587710641114],
      [-15.650290954137812, 8.121309262509019],
      [-15.857984208037518, 8.441540494708663],
      [-18.35031108041695, 11.025276078307213],
      [-5.976699580767511, 24.99693127917461],
      [-5.784052125835551, 25.322272487593366],
      [-5.4060677574869045, 26.37596551276667]
    ],
    "interiors": []
  },
  "expensive_areas": [],
  "valuable_areas": [
    {
      "polygon": {
        "exterior": [
          [21.49004005379664, 9.433196623520418],
          [22.104921942404665, 9.02080338678438],
          [18.98521298322636, 0.5438255241794234],
          [28.99267657176185, -19.17981627244702],
          [16.510664581733757, -23.57898122872612],
          [-9.7297411480659, -52.14976201668394],
          [-28.142716164197477, -39.31663537565556],
          [-30.671496296288666, -40.207879587575704],
          [-31.405501724933774, -37.04260088276324],
          [-43.442160019341074, -28.653518722407053],
          [-35.238538233973664, -20.513256053218683],
          [-39.437507687615266, -2.405885078724223],
          [-16.577707739036086, 7.74727970874495],
          [-19.711770801450587, 10.99628783257559],
          [-6.725321883742394, 25.659927996729518],
          [-5.945486770607392, 27.833845460791565],
          [-5.226884084183058, 27.35188804218453],
          [8.07139045502759, 42.36762589960706],
          [36.521048677299376, 23.30162581073374],
          [21.49004005379664, 9.433196623520418]
        ],
        "interiors": []
      },
      "penalty": 1.0
    }
  ],
  "touring_costs": { "distance": 1.0, "turn": 5.0 },
  "tool_radius": 1.0,
  "original_area": {
    "exterior": [
      [21.49004005379664, 9.433196623520418],
      [22.104921942404665, 9.02080338678438],
      [18.98521298322636, 0.5438255241794234],
      [28.99267657176185, -19.17981627244702],
      [16.510664581733757, -23.57898122872612],
      [-9.7297411480659, -52.14976201668394],
      [-28.142716164197477, -39.31663537565556],
      [-30.671496296288666, -40.207879587575704],
      [-31.405501724933774, -37.04260088276324],
      [-43.442160019341074, -28.653518722407053],
      [-35.238538233973664, -20.513256053218683],
      [-39.437507687615266, -2.405885078724223],
      [-16.577707739036086, 7.74727970874495],
      [-19.711770801450587, 10.99628783257559],
      [-6.725321883742394, 25.659927996729518],
      [-5.945486770607392, 27.833845460791565],
      [-5.226884084183058, 27.35188804218453],
      [8.07139045502759, 42.36762589960706],
      [36.521048677299376, 23.30162581073374],
      [21.49004005379664, 9.433196623520418]
    ],
    "interiors": []
  }
}
