{
  "feasible_area": {
    "exterior": [
      [-17.86413349201379, 1.750875690308532],
      [-18.021385163146267, 2.013464543364934],
      [-18.1146882005794, 2.1210960271708523],
      [-17.589187139116266, 2.4383886381918956],
      [-17.32887032122594, 2.6651887827113936],
      [-17.16119778756025, 2.9669984457189598],
      [-10.375948668492972, 22.546195279804618],
      [17.901404450646503, 7.048124000368586],
      [15.185383699615876, 2.6140385284739787],
      [15.043624247355401, 2.196427932070837],
      [15.09528973668294, 1.7584495881473983],
      [15.330331521703407, 1.3852878111286846],
      [16.676600193094586, 0.0363973291407088],
      [7.84145979056422, -9.414396258489298],
      [7.719217493608781, -9.574976998098938],
      [6.390622025073016, -11.743997931692318],
      [6.212665745546642, -11.691828973600616],
      [5.779915087153293, -11.760122478306362],
      [5.41788803988233, -12.006848140062768],
      [-0.4377273883585505, -18.270496505514544],
      [-17.62726591048557, 1.5588208240674795],
      [-17.86413349201379, 1.750875690308532]
    ],
    "interiors": []
  },
  "expensive_areas": [],
  "valuable_areas": [
    {
      "polygon": {
        "exterior": [
          [6.1483878742269, -12.689761012999394],
          [-0.4657738570814277, -19.764812956700716],
          [-18.38287709520287, 0.9038004140571347],
          [-18.845679838749756, 1.160254271241213],
          [-18.776996347863566, 1.3584441333545891],
          [-19.64813374207987, 2.3633611533981735],
          [-18.10606692440475, 3.2944466312975793],
          [-10.933252740510412, 23.991983051315383],
          [19.302293233736748, 7.420677925717132],
          [16.038125830915885, 2.0917063951469927],
          [18.066765048659267, 0.05911647431500444],
          [8.57195962490879, -10.097309131425924],
          [6.772246515397036, -13.035461113304633],
          [6.1483878742269, -12.689761012999394]
        ],
        "interiors": []
      },
      "penalty": 1.0
    }
  ],
  "touring_costs": { "distance": 1.0, "turn": 5.0 },
  "tool_radius": 1.0,
  "original_area": {
    "exterior": [
      [6.1483878742269, -12.689761012999394],
      [-0.4657738570814277, -19.764812956700716],
      [-18.38287709520287, 0.9038004140571347],
      [-18.845679838749756, 1.160254271241213],
      [-18.776996347863566, 1.3584441333545891],
      [-19.64813374207987, 2.3633611533981735],
      [-18.10606692440475, 3.2944466312975793],
      [-10.933252740510412, 23.991983051315383],
      [19.302293233736748, 7.420677925717132],
      [16.038125830915885, 2.0917063951469927],
      [18.066765048659267, 0.05911647431500444],
      [8.57195962490879, -10.097309131425924],
      [6.772246515397036, -13.035461113304633],
      [6.1483878742269, -12.689761012999394]
    ],
    "interiors": []
  }
}
