{
  "feasible_area": {
    "exterior": [
      [-19.205815589250527, 17.499241653588655],
      [-19.108389434565776, 17.410569921874472],
      [-18.770027039603992, 17.27815732536177],
      [-18.406689030082614, 17.275383000840442],
      [-18.06634409155665, 17.40261322075406],
      [-17.793925313624687, 17.643050770794737],
      [-12.406699816758842, 24.513389402745986],
      [1.9665842021245916, 15.649734148064738],
      [2.2910163143754447, 15.521200132529703],
      [19.735816783533878, 11.951722274717307],
      [18.244707604235042, 6.4527983029824965],
      [18.223087631881413, 6.0289338290540835],
      [18.37921232128706, 5.634277526911109],
      [18.6849591639222, 5.33991825037677],
      [20.084737980869033, 4.476708642195234],
      [16.21636160121761, -1.234234900125581],
      [16.079156479763686, -1.533337893947365],
      [11.635786754099376, -17.91963115734587],
      [6.088747724471334, -17.17438584276232],
      [5.721673266990519, -17.19322554862732],
      [5.38620116410541, -17.343415628318883],
      [5.127653224521387, -17.60466561356055],
      [4.568591388935065, -18.430017199433745],
      [3.4491161237329067, -17.71938211941717],
      [3.0732788352532263, -17.576541921599546],
      [2.6715612233892116, -17.593273623324396],
      [2.308903747913706, -17.766872428061266],
      [-14.410167140206124, -30.446819497224325],
      [-42.16359342244346, -6.810613353990194],
      [-19.205815589250527, 17.499241653588655]
    ],
    "interiors": []
  },
  "expensive_areas": [],
  "valuable_areas": [
    {
      "polygon": {
        "exterior": [
          [17.044302324594703, -1.795050519178595],
          [12.371496904276771, -19.027458513019372],
          [5.95559394789848, -18.165481232613562],
          [4.852162901222901, -19.794493456852205],
          [2.9131847777028255, -18.563643685723715],
          [-14.446466581303897, -31.729414788933845],
          [-43.6134229053862, -6.889375752458519],
          [-19.152347943523196, 19.012311683189274],
          [-18.580849663245626, 18.260100256633322],
          [-12.642304394205476, 25.83353801289843],
          [2.4914784872684503, 16.500901575439233],
          [20.979695898754105, 12.717924361260566],
          [19.20985344906606, 6.191085677751266],
          [21.49801404912336, 4.78003259485059],
          [17.044302324594703, -1.795050519178595]
        ],
        "interiors": []
      },
      "penalty": 1.0
    }
  ],
  "touring_costs": { "distance": 1.0, "turn": 5.0 },
  "tool_radius": 1.0,
  "original_area": {
    "exterior": [
      [17.044302324594703, -1.795050519178595],
      [12.371496904276771, -19.027458513019372],
      [5.95559394789848, -18.165481232613562],
      [4.852162901222901, -19.794493456852205],
      [2.9131847777028255, -18.563643685723715],
      [-14.446466581303897, -31.729414788933845],
      [-43.6134229053862, -6.889375752458519],
      [-19.152347943523196, 19.012311683189274],
      [-18.580849663245626, 18.260100256633322],
      [-12.642304394205476, 25.83353801289843],
      [2.4914784872684503, 16.500901575439233],
      [20.979695898754105, 12.717924361260566],
      [19.20985344906606, 6.191085677751266],
      [21.49801404912336, 4.78003259485059],
      [17.044302324594703, -1.795050519178595]
    ],
    "interiors": []
  }
}
